Year,state,Sex,Employed
2020,Malaysia,Male,9128.8
2020,Johor,Male,1173.8
2020,Kedah,Male,583.2
2020,Kelantan,Male,433.9
2020,Melaka,Male,245.3
2020,Negeri Sembilan,Male,284.5
2020,Pahang,Male,471.9
2020,Penang,Male,490.2
2020,Perak,Male,639.8
2020,Perlis,Male,64.4
2020,Selangor,Male,1912.1
2020,Terengganu,Male,301.4
2020,Sabah,Male,1166.8
2020,Sarawak,Male,810.1
2020,W.P. Kuala Lumpur,Male,508.2
2020,W.P Labuan,Male,26.7
2020,W.P.Putrajaya,Male,16.5
2020,Malaysia,Female,5827.9
2020,Johor,Female,601.9
2020,Kedah,Female,331.5
2020,Kelantan,Female,246.9
2020,Melaka,Female,172.1
2020,Negeri Sembilan,Female,189.6
2020,Pahang,Female,244.0
2020,Penang,Female,342.7
2020,Perak,Female,403.0
2020,Perlis,Female,41.2
2020,Selangor,Female,1534.4
2020,Terengganu,Female,163.6
2020,Sabah,Female,702.8
2020,Sarawak,Female,452.2
2020,W.P. Kuala Lumpur,Female,366.3
2020,W.P Labuan,Female,16.1
2020,W.P.Putrajaya,Female,19.6
2019,Malaysia,Male,9202.4
2019,Johor,Male,1091.0
2019,Kedah,Male,576.0
2019,Kelantan,Male,431.5
2019,Melaka,Male,251.7
2019,Negeri Sembilan,Male,301.0
2019,Pahang,Male,476.5
2019,Penang,Male,499.6
2019,Perak,Male,655.1
2019,Perlis,Male,65.8
2019,Selangor,Male,1953.3
2019,Terengganu,Male,299.3
2019,Sabah,Male,1227.7
2019,Sarawak,Male,842.4
2019,W.P. Kuala Lumpur,Male,487.6
2019,W.P Labuan,Male,26.2
2019,W.P.Putrajaya,Male,17.8
2019,Malaysia,Female,5871.0
2019,Johor,Female,665.2
2019,Kedah,Female,347.6
2019,Kelantan,Female,250.9
2019,Melaka,Female,176.6
2019,Negeri Sembilan,Female,181.5
2019,Pahang,Female,243.0
2019,Penang,Female,336.0
2019,Perak,Female,388.6
2019,Perlis,Female,42.8
2019,Selangor,Female,1536.2
2019,Terengganu,Female,171.7
2019,Sabah,Female,680.9
2019,Sarawak,Female,462.3
2019,W.P. Kuala Lumpur,Female,353.4
2019,W.P Labuan,Female,14.1
2019,W.P.Putrajaya,Female,20.3
2018,Malaysia,Male,9041.8
2018,Johor,Male,1067.5
2018,Kedah,Male,557.4
2018,Kelantan,Male,425.8
2018,Melaka,Male,242.9
2018,Negeri Sembilan,Male,301.6
2018,Pahang,Male,472.0
2018,Penang,Male,488.6
2018,Perak,Male,638.6
2018,Perlis,Male,65.3
2018,Selangor,Male,1942.2
2018,Terengganu,Male,286.9
2018,Sabah,Male,1200.4
2018,Sarawak,Male,819.7
2018,W.P. Kuala Lumpur,Male,489.3
2018,W.P Labuan,Male,26.5
2018,W.P.Putrajaya,Male,17.3
2018,Malaysia,Female,5734.2
2018,Johor,Female,625.8
2018,Kedah,Female,351.8
2018,Kelantan,Female,257.6
2018,Melaka,Female,173.9
2018,Negeri Sembilan,Female,187.1
2018,Pahang,Female,244.7
2018,Penang,Female,342.2
2018,Perak,Female,396.2
2018,Perlis,Female,38.7
2018,Selangor,Female,1504.5
2018,Terengganu,Female,160.9
2018,Sabah,Female,625.1
2018,Sarawak,Female,454.7
2018,W.P. Kuala Lumpur,Female,335.1
2018,W.P Labuan,Female,14.9
2018,W.P.Putrajaya,Female,21.1
2017,Malaysia,Male,8913.4
2017,Johor,Male,1053.9
2017,Kedah,Male,548.9
2017,Kelantan,Male,410.5
2017,Melaka,Male,242.5
2017,Negeri Sembilan,Male,300.5
2017,Pahang,Male,455.6
2017,Penang,Male,487.3
2017,Perak,Male,629.7
2017,Perlis,Male,61.8
2017,Selangor,Male,1914.8
2017,Terengganu,Male,279.6
2017,Sabah,Male,1178.4
2017,Sarawak,Male,801.2
2017,W.P. Kuala Lumpur,Male,505.7
2017,W.P Labuan,Male,25.7
2017,W.P.Putrajaya,Male,17.4
2017,Malaysia,Female,5563.3
2017,Johor,Female,562.8
2017,Kedah,Female,357.4
2017,Kelantan,Female,265.6
2017,Melaka,Female,163.7
2017,Negeri Sembilan,Female,176.8
2017,Pahang,Female,234.5
2017,Penang,Female,336.5
2017,Perak,Female,383.7
2017,Perlis,Female,36.6
2017,Selangor,Female,1444.5
2017,Terengganu,Female,158.6
2017,Sabah,Female,617.9
2017,Sarawak,Female,452.5
2017,W.P. Kuala Lumpur,Female,338.7
2017,W.P Labuan,Female,12.8
2017,W.P.Putrajaya,Female,20.7
2016,Malaysia,Male,9012.1
2016,Johor,Male,1062.9
2016,Kedah,Male,553.1
2016,Kelantan,Male,404.6
2016,Melaka,Male,236.7
2016,Negeri Sembilan,Male,297.6
2016,Pahang,Male,457.9
2016,Penang,Male,493.5
2016,Perak,Male,643.6
2016,Perlis,Male,64.5
2016,Selangor,Male,1926.7
2016,Terengganu,Male,288.0
2016,Sabah,Male,1221.7
2016,Sarawak,Male,812.1
2016,W.P. Kuala Lumpur,Male,503.4
2016,W.P Labuan,Male,28.1
2016,W.P.Putrajaya,Male,17.7
2016,Malaysia,Female,5655.7
2016,Johor,Female,576.2
2016,Kedah,Female,357.8
2016,Kelantan,Female,253.2
2016,Melaka,Female,164.1
2016,Negeri Sembilan,Female,182.1
2016,Pahang,Female,252.7
2016,Penang,Female,352.0
2016,Perak,Female,379.5
2016,Perlis,Female,38.7
2016,Selangor,Female,1398.3
2016,Terengganu,Female,159.2
2016,Sabah,Female,705.4
2016,Sarawak,Female,448.0
2016,W.P. Kuala Lumpur,Female,352.0
2016,W.P Labuan,Female,15.5
2016,W.P.Putrajaya,Female,21.1
2015,Malaysia,Male,8691.0
2015,Johor,Male,1023.3
2015,Kedah,Male,535.1
2015,Kelantan,Male,394.0
2015,Melaka,Male,233.8
2015,Negeri Sembilan,Male,295.0
2015,Pahang,Male,453.8
2015,Penang,Male,483.7
2015,Perak,Male,624.2
2015,Perlis,Male,62.3
2015,Selangor,Male,1842.2
2015,Terengganu,Male,267.0
2015,Sabah,Male,1155.0
2015,Sarawak,Male,776.2
2015,W.P. Kuala Lumpur,Male,502.4
2015,W.P Labuan,Male,25.8
2015,W.P.Putrajaya,Male,17.3
2015,Malaysia,Female,5376.7
2015,Johor,Female,559.3
2015,Kedah,Female,346.5
2015,Kelantan,Female,258.1
2015,Melaka,Female,164.5
2015,Negeri Sembilan,Female,173.8
2015,Pahang,Female,243.7
2015,Penang,Female,350.5
2015,Perak,Female,357.6
2015,Perlis,Female,35.8
2015,Selangor,Female,1292.8
2015,Terengganu,Female,153.4
2015,Sabah,Female,616.2
2015,Sarawak,Female,438.6
2015,W.P. Kuala Lumpur,Female,351.1
2015,W.P Labuan,Female,13.7
2015,W.P.Putrajaya,Female,21.2
2014,Malaysia,Male,8587.5
2014,Johor,Male,1024.9
2014,Kedah,Male,528.2
2014,Kelantan,Male,373.8
2014,Melaka,Male,233.4
2014,Negeri Sembilan,Male,294.6
2014,Pahang,Male,449.0
2014,Penang,Male,479.5
2014,Perak,Male,612.8
2014,Perlis,Male,60.7
2014,Selangor,Male,1816.4
2014,Terengganu,Male,265.7
2014,Sabah,Male,1125.7
2014,Sarawak,Male,779.5
2014,W.P. Kuala Lumpur,Male,499.2
2014,W.P Labuan,Male,26.2
2014,W.P.Putrajaya,Male,18.1
2014,Malaysia,Female,5265.1
2014,Johor,Female,554.8
2014,Kedah,Female,331.6
2014,Kelantan,Female,251.5
2014,Melaka,Female,161.5
2014,Negeri Sembilan,Female,171.9
2014,Pahang,Female,234.2
2014,Penang,Female,359.7
2014,Perak,Female,341.4
2014,Perlis,Female,34.5
2014,Selangor,Female,1217.2
2014,Terengganu,Female,149.1
2014,Sabah,Female,615.2
2014,Sarawak,Female,452.8
2014,W.P. Kuala Lumpur,Female,352.8
2014,W.P Labuan,Female,14.6
2014,W.P.Putrajaya,Female,22.2
2013,Malaysia,Male,8484.6
2013,Johor,Male,1010.1
2013,Kedah,Male,529.3
2013,Kelantan,Male,369.8
2013,Melaka,Male,223.7
2013,Negeri Sembilan,Male,291.6
2013,Pahang,Male,443.3
2013,Penang,Male,478.4
2013,Perak,Male,621.8
2013,Perlis,Male,59.8
2013,Selangor,Male,1769.7
2013,Terengganu,Male,261.0
2013,Sabah,Male,1112.2
2013,Sarawak,Male,759.4
2013,W.P. Kuala Lumpur,Male,509.9
2013,W.P Labuan,Male,25.9
2013,W.P.Putrajaya,Male,18.8
2013,Malaysia,Female,5060.8
2013,Johor,Female,543.3
2013,Kedah,Female,313.1
2013,Kelantan,Female,232.9
2013,Melaka,Female,151.8
2013,Negeri Sembilan,Female,172.5
2013,Pahang,Female,216.5
2013,Penang,Female,333.5
2013,Perak,Female,326.0
2013,Perlis,Female,34.6
2013,Selangor,Female,1163.7
2013,Terengganu,Female,146.0
2013,Sabah,Female,593.8
2013,Sarawak,Female,429.1
2013,W.P. Kuala Lumpur,Female,367.9
2013,W.P Labuan,Female,14.2
2013,W.P.Putrajaya,Female,21.9
2012,Malaysia,Male,8169.5
2012,Johor,Male,1002.3
2012,Kedah,Male,507.6
2012,Kelantan,Male,359.4
2012,Melaka,Male,218.8
2012,Negeri Sembilan,Male,282.1
2012,Pahang,Male,435.2
2012,Penang,Male,461.0
2012,Perak,Male,605.2
2012,Perlis,Male,56.4
2012,Selangor,Male,1701.0
2012,Terengganu,Male,255.4
2012,Sabah,Male,1024.3
2012,Sarawak,Male,724.6
2012,W.P. Kuala Lumpur,Male,491.5
2012,W.P Labuan,Male,25.7
2012,W.P.Putrajaya,Male,19.0
2012,Malaysia,Female,4651.0
2012,Johor,Female,479.2
2012,Kedah,Female,279.3
2012,Kelantan,Female,219.3
2012,Melaka,Female,138.2
2012,Negeri Sembilan,Female,160.0
2012,Pahang,Female,197.8
2012,Penang,Female,318.8
2012,Perak,Female,321.9
2012,Perlis,Female,30.8
2012,Selangor,Female,1075.1
2012,Terengganu,Female,134.2
2012,Sabah,Female,513.1
2012,Sarawak,Female,419.3
2012,W.P. Kuala Lumpur,Female,328.8
2012,W.P Labuan,Female,13.8
2012,W.P.Putrajaya,Female,21.3
2011,Malaysia,Male,7934.8
2011,Johor,Male,987.9
2011,Kedah,Male,485.8
2011,Kelantan,Male,342.8
2011,Melaka,Male,208.7
2011,Negeri Sembilan,Male,269.3
2011,Pahang,Male,421.4
2011,Penang,Male,454.1
2011,Perak,Male,602.6
2011,Perlis,Male,55.6
2011,Selangor,Male,1642.4
2011,Terengganu,Male,253.4
2011,Sabah,Male,994.5
2011,Sarawak,Male,690.8
2011,W.P. Kuala Lumpur,Male,480.6
2011,W.P Labuan,Male,25.2
2011,W.P.Putrajaya,Male,19.7
2011,Malaysia,Female,4416.7
2011,Johor,Female,474.0
2011,Kedah,Female,257.5
2011,Kelantan,Female,201.8
2011,Melaka,Female,132.1
2011,Negeri Sembilan,Female,146.7
2011,Pahang,Female,187.0
2011,Penang,Female,318.7
2011,Perak,Female,317.2
2011,Perlis,Female,27.7
2011,Selangor,Female,1002.8
2011,Terengganu,Female,136.8
2011,Sabah,Female,479.9
2011,Sarawak,Female,367.3
2011,W.P. Kuala Lumpur,Female,331.9
2011,W.P Labuan,Female,13.4
2011,W.P.Putrajaya,Female,21.8
2010,Malaysia,Male,7707.8
2010,Johor,Male,971.7
2010,Kedah,Male,477.5
2010,Kelantan,Male,339.1
2010,Melaka,Male,209.1
2010,Negeri Sembilan,Male,267.1
2010,Pahang,Male,405.4
2010,Penang,Male,439.4
2010,Perak,Male,585.4
2010,Perlis,Male,53.8
2010,Selangor,Male,1597.1
2010,Terengganu,Male,242.3
2010,Sabah,Male,944.4
2010,Sarawak,Male,678.5
2010,W.P. Kuala Lumpur,Male,472.5
2010,W.P Labuan,Male,24.5
2010,W.P.Putrajaya,Male,0.0
2010,Malaysia,Female,4191.7
2010,Johor,Female,447.1
2010,Kedah,Female,248.2
2010,Kelantan,Female,195.1
2010,Melaka,Female,126.0
2010,Negeri Sembilan,Female,138.3
2010,Pahang,Female,185.6
2010,Penang,Female,302.9
2010,Perak,Female,293.3
2010,Perlis,Female,27.1
2010,Selangor,Female,954.1
2010,Terengganu,Female,124.2
2010,Sabah,Female,454.2
2010,Sarawak,Female,367.1
2010,W.P. Kuala Lumpur,Female,315.6
2010,W.P Labuan,Female,13.1
2010,W.P.Putrajaya,Female,0.0
2009,Malaysia,Male,6955.7
2009,Johor,Male,855.7
2009,Kedah,Male,450.0
2009,Kelantan,Male,322.3
2009,Melaka,Male,176.3
2009,Negeri Sembilan,Male,251.3
2009,Pahang,Male,413.5
2009,Penang,Male,400.5
2009,Perak,Male,568.0
2009,Perlis,Male,52.3
2009,Selangor,Male,1303.2
2009,Terengganu,Male,258.6
2009,Sabah,Male,840.3
2009,Sarawak,Male,622.9
2009,W.P. Kuala Lumpur,Male,416.7
2009,W.P Labuan,Male,24.1
2009,W.P.Putrajaya,Male,0.0
2009,Malaysia,Female,3941.6
2009,Johor,Female,450.6
2009,Kedah,Female,251.5
2009,Kelantan,Female,182.9
2009,Melaka,Female,107.6
2009,Negeri Sembilan,Female,135.2
2009,Pahang,Female,190.2
2009,Penang,Female,289.3
2009,Perak,Female,323.5
2009,Perlis,Female,29.2
2009,Selangor,Female,792.1
2009,Terengganu,Female,131.7
2009,Sabah,Female,430.3
2009,Sarawak,Female,354.6
2009,W.P. Kuala Lumpur,Female,261.4
2009,W.P Labuan,Female,11.4
2009,W.P.Putrajaya,Female,0.0
2008,Malaysia,Male,6851.1
2008,Johor,Male,859.4
2008,Kedah,Male,433.0
2008,Kelantan,Male,310.6
2008,Melaka,Male,178.0
2008,Negeri Sembilan,Male,254.1
2008,Pahang,Male,407.1
2008,Penang,Male,398.8
2008,Perak,Male,553.7
2008,Perlis,Male,50.8
2008,Selangor,Male,1297.1
2008,Terengganu,Male,249.3
2008,Sabah,Male,822.2
2008,Sarawak,Male,600.0
2008,W.P. Kuala Lumpur,Male,414.0
2008,W.P Labuan,Male,23.0
2008,W.P.Putrajaya,Male,0.0
2008,Malaysia,Female,3808.5
2008,Johor,Female,424.4
2008,Kedah,Female,243.0
2008,Kelantan,Female,175.8
2008,Melaka,Female,108.8
2008,Negeri Sembilan,Female,132.9
2008,Pahang,Female,182.8
2008,Penang,Female,276.1
2008,Perak,Female,305.2
2008,Perlis,Female,30.7
2008,Selangor,Female,794.9
2008,Terengganu,Female,126.3
2008,Sabah,Female,408.3
2008,Sarawak,Female,321.6
2008,W.P. Kuala Lumpur,Female,268.2
2008,W.P Labuan,Female,9.5
2008,W.P.Putrajaya,Female,0.0
2007,Malaysia,Male,6747.1
2007,Johor,Male,847.2
2007,Kedah,Male,430.4
2007,Kelantan,Male,304.6
2007,Melaka,Male,172.8
2007,Negeri Sembilan,Male,248.4
2007,Pahang,Male,392.4
2007,Penang,Male,390.8
2007,Perak,Male,548.2
2007,Perlis,Male,50.7
2007,Selangor,Male,1279.4
2007,Terengganu,Male,241.2
2007,Sabah,Male,799.3
2007,Sarawak,Male,601.6
2007,W.P. Kuala Lumpur,Male,417.1
2007,W.P Labuan,Male,22.8
2007,W.P.Putrajaya,Male,0.0
2007,Malaysia,Female,3791.0
2007,Johor,Female,439.5
2007,Kedah,Female,240.0
2007,Kelantan,Female,168.5
2007,Melaka,Female,111.4
2007,Negeri Sembilan,Female,133.2
2007,Pahang,Female,169.4
2007,Penang,Female,262.7
2007,Perak,Female,304.0
2007,Perlis,Female,29.3
2007,Selangor,Female,784.8
2007,Terengganu,Female,121.8
2007,Sabah,Female,399.2
2007,Sarawak,Female,352.5
2007,W.P. Kuala Lumpur,Female,265.0
2007,W.P Labuan,Female,9.8
2007,W.P.Putrajaya,Female,0.0
2006,Malaysia,Male,6618.6
2006,Johor,Male,832.4
2006,Kedah,Male,424.4
2006,Kelantan,Male,291.9
2006,Melaka,Male,169.7
2006,Negeri Sembilan,Male,243.3
2006,Pahang,Male,394.9
2006,Penang,Male,389.2
2006,Perak,Male,534.5
2006,Perlis,Male,49.0
2006,Selangor,Male,1258.4
2006,Terengganu,Male,232.3
2006,Sabah,Male,770.7
2006,Sarawak,Male,595.7
2006,W.P. Kuala Lumpur,Male,410.7
2006,W.P Labuan,Male,21.7
2006,W.P.Putrajaya,Male,0.0
2006,Malaysia,Female,3656.8
2006,Johor,Female,425.7
2006,Kedah,Female,232.4
2006,Kelantan,Female,166.5
2006,Melaka,Female,103.5
2006,Negeri Sembilan,Female,135.5
2006,Pahang,Female,162.5
2006,Penang,Female,258.5
2006,Perak,Female,281.3
2006,Perlis,Female,25.5
2006,Selangor,Female,759.3
2006,Terengganu,Female,119.3
2006,Sabah,Female,389.5
2006,Sarawak,Female,322.6
2006,W.P. Kuala Lumpur,Female,265.9
2006,W.P Labuan,Female,8.9
2006,W.P.Putrajaya,Female,0.0
2005,Malaysia,Male,6470.5
2005,Johor,Male,814.3
2005,Kedah,Male,415.4
2005,Kelantan,Male,286.0
2005,Melaka,Male,168.6
2005,Negeri Sembilan,Male,239.5
2005,Pahang,Male,375.7
2005,Penang,Male,382.9
2005,Perak,Male,520.3
2005,Perlis,Male,47.3
2005,Selangor,Male,1242.4
2005,Terengganu,Male,223.9
2005,Sabah,Male,747.9
2005,Sarawak,Male,576.5
2005,W.P. Kuala Lumpur,Male,407.7
2005,W.P Labuan,Male,22.0
2005,W.P.Putrajaya,Male,0.0
2005,Malaysia,Female,3574.8
2005,Johor,Female,422.8
2005,Kedah,Female,237.4
2005,Kelantan,Female,152.8
2005,Melaka,Female,102.5
2005,Negeri Sembilan,Female,133.3
2005,Pahang,Female,149.0
2005,Penang,Female,238.6
2005,Perak,Female,280.9
2005,Perlis,Female,26.7
2005,Selangor,Female,743.5
2005,Terengganu,Female,118.1
2005,Sabah,Female,359.0
2005,Sarawak,Female,334.4
2005,W.P. Kuala Lumpur,Female,267.6
2005,W.P Labuan,Female,8.5
2005,W.P.Putrajaya,Female,0.0
2004,Malaysia,Male,6390.4
2004,Johor,Male,808.4
2004,Kedah,Male,412.3
2004,Kelantan,Male,277.4
2004,Melaka,Male,166.4
2004,Negeri Sembilan,Male,228.5
2004,Pahang,Male,368.8
2004,Penang,Male,378.6
2004,Perak,Male,514.8
2004,Perlis,Male,47.6
2004,Selangor,Male,1234.3
2004,Terengganu,Male,220.9
2004,Sabah,Male,727.8
2004,Sarawak,Male,579.6
2004,W.P. Kuala Lumpur,Male,403.6
2004,W.P Labuan,Male,21.7
2004,W.P.Putrajaya,Male,0.0
2004,Malaysia,Female,3589.1
2004,Johor,Female,424.2
2004,Kedah,Female,242.3
2004,Kelantan,Female,159.2
2004,Melaka,Female,99.0
2004,Negeri Sembilan,Female,131.8
2004,Pahang,Female,157.4
2004,Penang,Female,246.4
2004,Perak,Female,276.2
2004,Perlis,Female,26.2
2004,Selangor,Female,739.1
2004,Terengganu,Female,116.0
2004,Sabah,Female,353.9
2004,Sarawak,Female,339.0
2004,W.P. Kuala Lumpur,Female,268.1
2004,W.P Labuan,Female,10.5
2004,W.P.Putrajaya,Female,0.0
2003,Malaysia,Male,6323.6
2003,Johor,Male,826.2
2003,Kedah,Male,422.5
2003,Kelantan,Male,292.8
2003,Melaka,Male,167.1
2003,Negeri Sembilan,Male,215.6
2003,Pahang,Male,319.0
2003,Penang,Male,407.5
2003,Perak,Male,484.2
2003,Perlis,Male,50.8
2003,Selangor,Male,1164.9
2003,Terengganu,Male,226.7
2003,Sabah,Male,710.1
2003,Sarawak,Male,574.8
2003,W.P. Kuala Lumpur,Male,439.4
2003,W.P Labuan,Male,22.0
2003,W.P.Putrajaya,Male,0.0
2003,Malaysia,Female,3546.1
2003,Johor,Female,442.9
2003,Kedah,Female,235.2
2003,Kelantan,Female,182.8
2003,Melaka,Female,105.6
2003,Negeri Sembilan,Female,124.1
2003,Pahang,Female,141.0
2003,Penang,Female,266.8
2003,Perak,Female,250.5
2003,Perlis,Female,25.8
2003,Selangor,Female,669.3
2003,Terengganu,Female,118.2
2003,Sabah,Female,363.0
2003,Sarawak,Female,335.1
2003,W.P. Kuala Lumpur,Female,275.7
2003,W.P Labuan,Female,9.9
2003,W.P.Putrajaya,Female,0.0
2002,Malaysia,Male,6141.8
2002,Johor,Male,794.0
2002,Kedah,Male,415.9
2002,Kelantan,Male,267.4
2002,Melaka,Male,145.8
2002,Negeri Sembilan,Male,206.6
2002,Pahang,Male,283.2
2002,Penang,Male,389.2
2002,Perak,Male,516.8
2002,Perlis,Male,38.5
2002,Selangor,Male,1130.9
2002,Terengganu,Male,187.6
2002,Sabah,Male,690.0
2002,Sarawak,Male,561.6
2002,W.P. Kuala Lumpur,Male,490.6
2002,W.P Labuan,Male,23.7
2002,W.P.Putrajaya,Male,0.0
2002,Malaysia,Female,3400.8
2002,Johor,Female,428.3
2002,Kedah,Female,229.2
2002,Kelantan,Female,155.3
2002,Melaka,Female,83.5
2002,Negeri Sembilan,Female,118.2
2002,Pahang,Female,123.7
2002,Penang,Female,253.9
2002,Perak,Female,271.5
2002,Perlis,Female,18.5
2002,Selangor,Female,619.0
2002,Terengganu,Female,92.0
2002,Sabah,Female,338.8
2002,Sarawak,Female,356.1
2002,W.P. Kuala Lumpur,Female,303.5
2002,W.P Labuan,Female,9.2
2002,W.P.Putrajaya,Female,0.0
2001,Malaysia,Male,6055.9
2001,Johor,Male,815.7
2001,Kedah,Male,442.6
2001,Kelantan,Male,280.7
2001,Melaka,Male,170.5
2001,Negeri Sembilan,Male,226.3
2001,Pahang,Male,303.4
2001,Penang,Male,429.2
2001,Perak,Male,480.1
2001,Perlis,Male,55.5
2001,Selangor,Male,979.0
2001,Terengganu,Male,202.2
2001,Sabah,Male,659.5
2001,Sarawak,Male,553.1
2001,W.P. Kuala Lumpur,Male,438.1
2001,W.P Labuan,Male,19.9
2001,W.P.Putrajaya,Male,0.0
2001,Malaysia,Female,3301.1
2001,Johor,Female,420.2
2001,Kedah,Female,258.5
2001,Kelantan,Female,153.6
2001,Melaka,Female,97.2
2001,Negeri Sembilan,Female,125.0
2001,Pahang,Female,134.4
2001,Penang,Female,285.7
2001,Perak,Female,250.6
2001,Perlis,Female,27.3
2001,Selangor,Female,535.6
2001,Terengganu,Female,96.4
2001,Sabah,Female,319.5
2001,Sarawak,Female,324.3
2001,W.P. Kuala Lumpur,Female,265.6
2001,W.P Labuan,Female,7.2
2001,W.P.Putrajaya,Female,0.0
2000,Malaysia,Male,5973.5
2000,Johor,Male,793.6
2000,Kedah,Male,404.6
2000,Kelantan,Male,266.8
2000,Melaka,Male,160.6
2000,Negeri Sembilan,Male,223.2
2000,Pahang,Male,311.3
2000,Penang,Male,377.1
2000,Perak,Male,485.8
2000,Perlis,Male,48.9
2000,Selangor,Male,1054.1
2000,Terengganu,Male,206.2
2000,Sabah,Male,653.6
2000,Sarawak,Male,546.4
2000,W.P. Kuala Lumpur,Male,422.6
2000,W.P Labuan,Male,18.7
2000,W.P.Putrajaya,Male,0.0
2000,Malaysia,Female,3295.7
2000,Johor,Female,401.9
2000,Kedah,Female,222.0
2000,Kelantan,Female,158.9
2000,Melaka,Female,92.9
2000,Negeri Sembilan,Female,124.2
2000,Pahang,Female,135.5
2000,Penang,Female,292.1
2000,Perak,Female,258.3
2000,Perlis,Female,25.8
2000,Selangor,Female,627.3
2000,Terengganu,Female,99.8
2000,Sabah,Female,280.2
2000,Sarawak,Female,329.8
2000,W.P. Kuala Lumpur,Female,240.2
2000,W.P Labuan,Female,6.7
2000,W.P.Putrajaya,Female,0.0
1999,Malaysia,Male,5851.2
1999,Johor,Male,705.5
1999,Kedah,Male,448.1
1999,Kelantan,Male,275.5
1999,Melaka,Male,156.0
1999,Negeri Sembilan,Male,187.0
1999,Pahang,Male,287.4
1999,Penang,Male,359.4
1999,Perak,Male,454.7
1999,Perlis,Male,50.8
1999,Selangor,Male,900.0
1999,Terengganu,Male,204.8
1999,Sabah,Male,807.3
1999,Sarawak,Male,548.7
1999,W.P. Kuala Lumpur,Male,435.6
1999,W.P Labuan,Male,30.3
1999,W.P.Putrajaya,Male,0.0
1999,Malaysia,Female,2986.5
1999,Johor,Female,323.6
1999,Kedah,Female,230.5
1999,Kelantan,Female,161.3
1999,Melaka,Female,87.1
1999,Negeri Sembilan,Female,87.9
1999,Pahang,Female,97.0
1999,Penang,Female,243.5
1999,Perak,Female,229.8
1999,Perlis,Female,27.7
1999,Selangor,Female,527.2
1999,Terengganu,Female,95.3
1999,Sabah,Female,294.4
1999,Sarawak,Female,316.3
1999,W.P. Kuala Lumpur,Female,254.1
1999,W.P Labuan,Female,10.9
1999,W.P.Putrajaya,Female,0.0
1998,Malaysia,Male,5718.9
1998,Johor,Male,717.0
1998,Kedah,Male,373.2
1998,Kelantan,Male,260.7
1998,Melaka,Male,159.5
1998,Negeri Sembilan,Male,196.4
1998,Pahang,Male,272.1
1998,Penang,Male,361.5
1998,Perak,Male,443.7
1998,Perlis,Male,49.9
1998,Selangor,Male,915.8
1998,Terengganu,Male,197.6
1998,Sabah,Male,785.3
1998,Sarawak,Male,535.7
1998,W.P. Kuala Lumpur,Male,423.3
1998,W.P Labuan,Male,27.3
1998,W.P.Putrajaya,Male,0.0
1998,Malaysia,Female,2880.7
1998,Johor,Female,310.0
1998,Kedah,Female,194.2
1998,Kelantan,Female,170.0
1998,Melaka,Female,82.9
1998,Negeri Sembilan,Female,107.9
1998,Pahang,Female,92.8
1998,Penang,Female,223.7
1998,Perak,Female,241.3
1998,Perlis,Female,21.1
1998,Selangor,Female,514.6
1998,Terengganu,Female,95.8
1998,Sabah,Female,283.0
1998,Sarawak,Female,288.6
1998,W.P. Kuala Lumpur,Female,245.1
1998,W.P Labuan,Female,9.7
1998,W.P.Putrajaya,Female,0.0
1997,Malaysia,Male,5657.7
1997,Johor,Male,713.3
1997,Kedah,Male,397.7
1997,Kelantan,Male,254.7
1997,Melaka,Male,163.5
1997,Negeri Sembilan,Male,196.9
1997,Pahang,Male,283.2
1997,Penang,Male,341.2
1997,Perak,Male,485.3
1997,Perlis,Male,47.8
1997,Selangor,Male,862.0
1997,Terengganu,Male,194.7
1997,Sabah,Male,732.4
1997,Sarawak,Male,537.6
1997,W.P. Kuala Lumpur,Male,420.2
1997,W.P Labuan,Male,27.3
1997,W.P.Putrajaya,Male,0.0
1997,Malaysia,Female,2911.5
1997,Johor,Female,345.0
1997,Kedah,Female,203.6
1997,Kelantan,Female,158.9
1997,Melaka,Female,93.7
1997,Negeri Sembilan,Female,110.7
1997,Pahang,Female,112.2
1997,Penang,Female,210.8
1997,Perak,Female,258.9
1997,Perlis,Female,22.3
1997,Selangor,Female,467.9
1997,Terengganu,Female,87.6
1997,Sabah,Female,267.7
1997,Sarawak,Female,293.9
1997,W.P. Kuala Lumpur,Female,270.8
1997,W.P Labuan,Female,7.4
1997,W.P.Putrajaya,Female,0.0
1996,Malaysia,Male,5514.2
1996,Johor,Male,670.5
1996,Kedah,Male,352.8
1996,Kelantan,Male,266.4
1996,Melaka,Male,153.5
1996,Negeri Sembilan,Male,202.9
1996,Pahang,Male,296.0
1996,Penang,Male,300.6
1996,Perak,Male,462.7
1996,Perlis,Male,48.5
1996,Selangor,Male,874.5
1996,Terengganu,Male,193.6
1996,Sabah,Male,705.4
1996,Sarawak,Male,527.2
1996,W.P. Kuala Lumpur,Male,431.1
1996,W.P Labuan,Male,28.7
1996,W.P.Putrajaya,Male,0.0
1996,Malaysia,Female,2885.0
1996,Johor,Female,326.2
1996,Kedah,Female,183.2
1996,Kelantan,Female,179.1
1996,Melaka,Female,83.5
1996,Negeri Sembilan,Female,116.4
1996,Pahang,Female,110.2
1996,Penang,Female,148.8
1996,Perak,Female,260.4
1996,Perlis,Female,21.6
1996,Selangor,Female,484.6
1996,Terengganu,Female,104.4
1996,Sabah,Female,287.1
1996,Sarawak,Female,304.3
1996,W.P. Kuala Lumpur,Female,266.7
1996,W.P Labuan,Female,8.7
1996,W.P.Putrajaya,Female,0.0
1995,Malaysia,Male,5056.6
1995,Johor,Male,595.6
1995,Kedah,Male,345.4
1995,Kelantan,Male,251.6
1995,Melaka,Male,147.3
1995,Negeri Sembilan,Male,188.6
1995,Pahang,Male,272.3
1995,Penang,Male,313.9
1995,Perak,Male,421.5
1995,Perlis,Male,50.3
1995,Selangor,Male,858.3
1995,Terengganu,Male,182.4
1995,Sabah,Male,521.6
1995,Sarawak,Male,506.7
1995,W.P. Kuala Lumpur,Male,375.2
1995,W.P Labuan,Male,25.8
1995,W.P.Putrajaya,Male,0.0
1995,Malaysia,Female,2588.4
1995,Johor,Female,296.2
1995,Kedah,Female,175.7
1995,Kelantan,Female,161.0
1995,Melaka,Female,75.5
1995,Negeri Sembilan,Female,107.5
1995,Pahang,Female,99.1
1995,Penang,Female,172.0
1995,Perak,Female,212.8
1995,Perlis,Female,20.5
1995,Selangor,Female,480.5
1995,Terengganu,Female,85.6
1995,Sabah,Female,201.1
1995,Sarawak,Female,282.5
1995,W.P. Kuala Lumpur,Female,213.2
1995,W.P Labuan,Female,5.3
1995,W.P.Putrajaya,Female,0.0
1993,Malaysia,Male,4853.8
1993,Johor,Male,625.7
1993,Kedah,Male,322.0
1993,Kelantan,Male,250.0
1993,Melaka,Male,140.0
1993,Negeri Sembilan,Male,165.4
1993,Pahang,Male,264.0
1993,Penang,Male,347.5
1993,Perak,Male,435.6
1993,Perlis,Male,50.9
1993,Selangor,Male,696.1
1993,Terengganu,Male,190.6
1993,Sabah,Male,495.3
1993,Sarawak,Male,479.1
1993,W.P. Kuala Lumpur,Male,377.6
1993,W.P Labuan,Male,14.0
1993,W.P.Putrajaya,Male,0.0
1993,Malaysia,Female,2529.6
1993,Johor,Female,348.6
1993,Kedah,Female,153.0
1993,Kelantan,Female,144.4
1993,Melaka,Female,78.5
1993,Negeri Sembilan,Female,119.0
1993,Pahang,Female,114.7
1993,Penang,Female,183.5
1993,Perak,Female,234.1
1993,Perlis,Female,19.8
1993,Selangor,Female,384.0
1993,Terengganu,Female,90.3
1993,Sabah,Female,178.7
1993,Sarawak,Female,274.7
1993,W.P. Kuala Lumpur,Female,202.9
1993,W.P Labuan,Female,3.3
1993,W.P.Putrajaya,Female,0.0
1992,Malaysia,Male,4554.2
1992,Johor,Male,604.6
1992,Kedah,Male,322.0
1992,Kelantan,Male,228.3
1992,Melaka,Male,128.2
1992,Negeri Sembilan,Male,155.5
1992,Pahang,Male,289.7
1992,Penang,Male,324.1
1992,Perak,Male,432.3
1992,Perlis,Male,46.6
1992,Selangor,Male,692.7
1992,Terengganu,Male,164.8
1992,Sabah,Male,351.7
1992,Sarawak,Male,449.5
1992,W.P. Kuala Lumpur,Male,353.0
1992,W.P Labuan,Male,11.3
1992,W.P.Putrajaya,Male,0.0
1992,Malaysia,Female,2493.6
1992,Johor,Female,321.4
1992,Kedah,Female,173.1
1992,Kelantan,Female,154.2
1992,Melaka,Female,79.2
1992,Negeri Sembilan,Female,95.9
1992,Pahang,Female,127.3
1992,Penang,Female,188.6
1992,Perak,Female,260.6
1992,Perlis,Female,20.3
1992,Selangor,Female,376.9
1992,Terengganu,Female,88.1
1992,Sabah,Female,139.8
1992,Sarawak,Female,261.8
1992,W.P. Kuala Lumpur,Female,202.8
1992,W.P Labuan,Female,3.6
1992,W.P.Putrajaya,Female,0.0
1990,Malaysia,Male,4310.7
1990,Johor,Male,589.4
1990,Kedah,Male,314.6
1990,Kelantan,Male,228.5
1990,Melaka,Male,111.0
1990,Negeri Sembilan,Male,134.9
1990,Pahang,Male,298.7
1990,Penang,Male,285.8
1990,Perak,Male,424.3
1990,Perlis,Male,40.6
1990,Selangor,Male,674.7
1990,Terengganu,Male,148.5
1990,Sabah,Male,315.6
1990,Sarawak,Male,417.7
1990,W.P. Kuala Lumpur,Male,314.4
1990,W.P Labuan,Male,11.9
1990,W.P.Putrajaya,Male,0.0
1990,Malaysia,Female,2374.3
1990,Johor,Female,324.7
1990,Kedah,Female,153.1
1990,Kelantan,Female,149.2
1990,Melaka,Female,69.1
1990,Negeri Sembilan,Female,81.0
1990,Pahang,Female,130.1
1990,Penang,Female,171.4
1990,Perak,Female,253.9
1990,Perlis,Female,16.5
1990,Selangor,Female,364.7
1990,Terengganu,Female,79.1
1990,Sabah,Female,121.2
1990,Sarawak,Female,281.2
1990,W.P. Kuala Lumpur,Female,176.3
1990,W.P Labuan,Female,2.9
1990,W.P.Putrajaya,Female,0.0
1989,Malaysia,Male,4155.3
1989,Johor,Male,542.8
1989,Kedah,Male,295.3
1989,Kelantan,Male,223.8
1989,Melaka,Male,113.7
1989,Negeri Sembilan,Male,145.2
1989,Pahang,Male,267.2
1989,Penang,Male,279.5
1989,Perak,Male,434.1
1989,Perlis,Male,46.8
1989,Selangor,Male,578.0
1989,Terengganu,Male,157.3
1989,Sabah,Male,316.8
1989,Sarawak,Male,419.1
1989,W.P. Kuala Lumpur,Male,325.4
1989,W.P Labuan,Male,10.4
1989,W.P.Putrajaya,Male,0.0
1989,Malaysia,Female,2235.5
1989,Johor,Female,279.5
1989,Kedah,Female,148.0
1989,Kelantan,Female,140.0
1989,Melaka,Female,72.2
1989,Negeri Sembilan,Female,84.1
1989,Pahang,Female,111.9
1989,Penang,Female,156.8
1989,Perak,Female,252.6
1989,Perlis,Female,19.6
1989,Selangor,Female,322.2
1989,Terengganu,Female,72.7
1989,Sabah,Female,125.5
1989,Sarawak,Female,268.1
1989,W.P. Kuala Lumpur,Female,179.3
1989,W.P Labuan,Female,3.0
1989,W.P.Putrajaya,Female,0.0
1988,Malaysia,Male,3984.0
1988,Johor,Male,521.7
1988,Kedah,Male,298.0
1988,Kelantan,Male,216.8
1988,Melaka,Male,109.8
1988,Negeri Sembilan,Male,148.3
1988,Pahang,Male,241.6
1988,Penang,Male,264.2
1988,Perak,Male,417.4
1988,Perlis,Male,48.0
1988,Selangor,Male,575.7
1988,Terengganu,Male,146.2
1988,Sabah,Male,305.2
1988,Sarawak,Male,385.9
1988,W.P. Kuala Lumpur,Male,295.6
1988,W.P Labuan,Male,9.6
1988,W.P.Putrajaya,Male,0.0
1988,Malaysia,Female,2173.2
1988,Johor,Female,270.2
1988,Kedah,Female,161.3
1988,Kelantan,Female,146.7
1988,Melaka,Female,65.6
1988,Negeri Sembilan,Female,79.7
1988,Pahang,Female,109.8
1988,Penang,Female,134.7
1988,Perak,Female,239.3
1988,Perlis,Female,17.5
1988,Selangor,Female,317.4
1988,Terengganu,Female,83.7
1988,Sabah,Female,119.4
1988,Sarawak,Female,251.2
1988,W.P. Kuala Lumpur,Female,173.9
1988,W.P Labuan,Female,2.7
1988,W.P.Putrajaya,Female,0.0
1987,Malaysia,Male,3868.0
1987,Johor,Male,478.2
1987,Kedah,Male,282.1
1987,Kelantan,Male,214.1
1987,Melaka,Male,110.2
1987,Negeri Sembilan,Male,144.3
1987,Pahang,Male,228.9
1987,Penang,Male,263.4
1987,Perak,Male,417.9
1987,Perlis,Male,43.3
1987,Selangor,Male,558.7
1987,Terengganu,Male,136.0
1987,Sabah,Male,300.1
1987,Sarawak,Male,391.8
1987,W.P. Kuala Lumpur,Male,289.6
1987,W.P Labuan,Male,9.4
1987,W.P.Putrajaya,Male,0.0
1987,Malaysia,Female,2115.9
1987,Johor,Female,254.6
1987,Kedah,Female,138.0
1987,Kelantan,Female,136.4
1987,Melaka,Female,66.5
1987,Negeri Sembilan,Female,77.5
1987,Pahang,Female,107.0
1987,Penang,Female,141.5
1987,Perak,Female,252.6
1987,Perlis,Female,17.3
1987,Selangor,Female,306.3
1987,Terengganu,Female,73.0
1987,Sabah,Female,124.2
1987,Sarawak,Female,250.2
1987,W.P. Kuala Lumpur,Female,168.2
1987,W.P Labuan,Female,2.9
1987,W.P.Putrajaya,Female,0.0
1986,Malaysia,Male,3753.5
1986,Johor,Male,458.8
1986,Kedah,Male,281.1
1986,Kelantan,Male,212.3
1986,Melaka,Male,104.8
1986,Negeri Sembilan,Male,137.8
1986,Pahang,Male,217.5
1986,Penang,Male,260.2
1986,Perak,Male,421.1
1986,Perlis,Male,39.8
1986,Selangor,Male,512.2
1986,Terengganu,Male,141.3
1986,Sabah,Male,288.2
1986,Sarawak,Male,370.7
1986,W.P. Kuala Lumpur,Male,297.1
1986,W.P Labuan,Male,10.5
1986,W.P.Putrajaya,Male,0.0
1986,Malaysia,Female,2006.6
1986,Johor,Female,241.6
1986,Kedah,Female,136.8
1986,Kelantan,Female,127.9
1986,Melaka,Female,65.0
1986,Negeri Sembilan,Female,75.7
1986,Pahang,Female,97.9
1986,Penang,Female,131.2
1986,Perak,Female,248.8
1986,Perlis,Female,17.8
1986,Selangor,Female,264.8
1986,Terengganu,Female,77.1
1986,Sabah,Female,117.3
1986,Sarawak,Female,243.6
1986,W.P. Kuala Lumpur,Female,158.0
1986,W.P Labuan,Female,3.1
1986,W.P.Putrajaya,Female,0.0
1985,Malaysia,Male,3700.5
1985,Johor,Male,444.7
1985,Kedah,Male,269.2
1985,Kelantan,Male,198.7
1985,Melaka,Male,108.6
1985,Negeri Sembilan,Male,133.3
1985,Pahang,Male,227.8
1985,Penang,Male,259.9
1985,Perak,Male,423.4
1985,Perlis,Male,43.0
1985,Selangor,Male,468.1
1985,Terengganu,Male,142.9
1985,Sabah,Male,283.0
1985,Sarawak,Male,359.6
1985,W.P. Kuala Lumpur,Male,326.3
1985,W.P Labuan,Male,12.1
1985,W.P.Putrajaya,Male,0.0
1985,Malaysia,Female,1952.8
1985,Johor,Female,228.0
1985,Kedah,Female,144.6
1985,Kelantan,Female,124.9
1985,Melaka,Female,61.5
1985,Negeri Sembilan,Female,77.5
1985,Pahang,Female,100.1
1985,Penang,Female,128.2
1985,Perak,Female,246.2
1985,Perlis,Female,17.6
1985,Selangor,Female,238.0
1985,Terengganu,Female,69.6
1985,Sabah,Female,120.3
1985,Sarawak,Female,228.0
1985,W.P. Kuala Lumpur,Female,165.4
1985,W.P Labuan,Female,3.0
1985,W.P.Putrajaya,Female,0.0
1984,Malaysia,Male,3662.6
1984,Johor,Male,433.9
1984,Kedah,Male,277.6
1984,Kelantan,Male,199.8
1984,Melaka,Male,101.8
1984,Negeri Sembilan,Male,146.0
1984,Pahang,Male,211.0
1984,Penang,Male,257.5
1984,Perak,Male,419.9
1984,Perlis,Male,43.5
1984,Selangor,Male,459.8
1984,Terengganu,Male,141.8
1984,Sabah,Male,282.1
1984,Sarawak,Male,353.4
1984,W.P. Kuala Lumpur,Male,321.9
1984,W.P Labuan,Male,12.7
1984,W.P.Putrajaya,Male,0.0
1984,Malaysia,Female,1904.1
1984,Johor,Female,223.4
1984,Kedah,Female,140.0
1984,Kelantan,Female,122.5
1984,Melaka,Female,60.8
1984,Negeri Sembilan,Female,77.3
1984,Pahang,Female,95.9
1984,Penang,Female,126.2
1984,Perak,Female,239.7
1984,Perlis,Female,18.3
1984,Selangor,Female,230.5
1984,Terengganu,Female,62.7
1984,Sabah,Female,118.2
1984,Sarawak,Female,221.9
1984,W.P. Kuala Lumpur,Female,163.5
1984,W.P Labuan,Female,3.3
1984,W.P.Putrajaya,Female,0.0
1983,Malaysia,Male,3570.4
1983,Johor,Male,402.2
1983,Kedah,Male,237.8
1983,Kelantan,Male,182.2
1983,Melaka,Male,103.0
1983,Negeri Sembilan,Male,134.5
1983,Pahang,Male,229.3
1983,Penang,Male,262.2
1983,Perak,Male,422.4
1983,Perlis,Male,47.0
1983,Selangor,Male,489.0
1983,Terengganu,Male,157.6
1983,Sabah,Male,284.4
1983,Sarawak,Male,337.9
1983,W.P. Kuala Lumpur,Male,280.9
1983,W.P Labuan,Male,0.0
1983,W.P.Putrajaya,Male,0.0
1983,Malaysia,Female,1886.5
1983,Johor,Female,221.5
1983,Kedah,Female,135.8
1983,Kelantan,Female,100.3
1983,Melaka,Female,62.5
1983,Negeri Sembilan,Female,80.5
1983,Pahang,Female,104.2
1983,Penang,Female,142.6
1983,Perak,Female,246.8
1983,Perlis,Female,16.8
1983,Selangor,Female,251.0
1983,Terengganu,Female,79.3
1983,Sabah,Female,93.3
1983,Sarawak,Female,202.1
1983,W.P. Kuala Lumpur,Female,149.8
1983,W.P Labuan,Female,0.0
1983,W.P.Putrajaya,Female,0.0
1982,Malaysia,Male,3465.3
1982,Johor,Male,408.6
1982,Kedah,Male,260.8
1982,Kelantan,Male,185.2
1982,Melaka,Male,109.1
1982,Negeri Sembilan,Male,136.8
1982,Pahang,Male,186.2
1982,Penang,Male,253.1
1982,Perak,Male,386.4
1982,Perlis,Male,38.3
1982,Selangor,Male,449.2
1982,Terengganu,Male,144.3
1982,Sabah,Male,271.2
1982,Sarawak,Male,329.8
1982,W.P. Kuala Lumpur,Male,306.2
1982,W.P Labuan,Male,0.0
1982,W.P.Putrajaya,Male,0.0
1982,Malaysia,Female,1783.7
1982,Johor,Female,221.6
1982,Kedah,Female,128.1
1982,Kelantan,Female,119.0
1982,Melaka,Female,58.0
1982,Negeri Sembilan,Female,79.5
1982,Pahang,Female,84.0
1982,Penang,Female,129.2
1982,Perak,Female,217.6
1982,Perlis,Female,17.4
1982,Selangor,Female,227.7
1982,Terengganu,Female,76.8
1982,Sabah,Female,72.4
1982,Sarawak,Female,194.9
1982,W.P. Kuala Lumpur,Female,157.4
1982,W.P Labuan,Female,0.0
1982,W.P.Putrajaya,Female,0.0
