Year,State/Country,Stratum, Employed ('000) 
2020,Malaysia,Urban,11992.7
2020,Johor,Urban,1437.1
2020,Kedah,Urban,680.6
2020,Kelantan,Urban,366.8
2020,Melaka,Urban,400.7
2020,Negeri Sembilan,Urban,374.5
2020,Pahang,Urban,447.5
2020,Pulau Pinang,Urban,807.4
2020,Perak,Urban,844.9
2020,Perlis,Urban,69.9
2020,Selangor,Urban,3309.4
2020,Terengganu,Urban,315.9
2020,Sabah,Urban,1227.6
2020,Sarawak,Urban,761.5
2020,W.P. Kuala Lumpur,Urban,874.6
2020,W.P Labuan,Urban,38
2020,W.P.Putrajaya,Urban,36.2
2020,Malaysia,Rural,2964
2020,Johor,Rural,338.5
2020,Kedah,Rural,234.1
2020,Kelantan,Rural,313.9
2020,Melaka,Rural,16.6
2020,Negeri Sembilan,Rural,99.6
2020,Pahang,Rural,268.4
2020,Pulau Pinang,Rural,25.4
2020,Perak,Rural,197.8
2020,Perlis,Rural,35.7
2020,Selangor,Rural,137
2020,Terengganu,Rural,149.1
2020,Sabah,Rural,642.1
2020,Sarawak,Rural,500.8
2020,W.P. Kuala Lumpur,Rural,0
2020,W.P Labuan,Rural,4.8
2020,W.P.Putrajaya,Rural,0
2019,Malaysia,Urban,12007.3
2019,Johor,Urban,1424.1
2019,Kedah,Urban,686.4
2019,Kelantan,Urban,361.9
2019,Melaka,Urban,409.6
2019,Negeri Sembilan,Urban,369.9
2019,Pahang,Urban,442.5
2019,Pulau Pinang,Urban,806.7
2019,Perak,Urban,835.4
2019,Perlis,Urban,71.7
2019,Selangor,Urban,3333.1
2019,Terengganu,Urban,320.8
2019,Sabah,Urban,1219.3
2019,Sarawak,Urban,811
2019,W.P. Kuala Lumpur,Urban,841
2019,W.P Labuan,Urban,35.9
2019,W.P.Putrajaya,Urban,38.1
2019,Malaysia,Rural,3066.2
2019,Johor,Rural,332.1
2019,Kedah,Rural,237.2
2019,Kelantan,Rural,320.5
2019,Melaka,Rural,18.7
2019,Negeri Sembilan,Rural,112.6
2019,Pahang,Rural,277
2019,Pulau Pinang,Rural,28.9
2019,Perak,Rural,208.3
2019,Perlis,Rural,36.8
2019,Selangor,Rural,156.4
2019,Terengganu,Rural,150.2
2019,Sabah,Rural,689.3
2019,Sarawak,Rural,493.7
2019,W.P. Kuala Lumpur,Rural,-
2019,W.P Labuan,Rural,4.5
2019,W.P.Putrajaya,Rural,-
2018,Malaysia,Urban,11639.6
2018,Johor,Urban,1369.4
2018,Kedah,Urban,657.8
2018,Kelantan,Urban,344.7
2018,Melaka,Urban,395.7
2018,Negeri Sembilan,Urban,369.7
2018,Pahang,Urban,434.3
2018,Pulau Pinang,Urban,794.9
2018,Perak,Urban,826.6
2018,Perlis,Urban,65.4
2018,Selangor,Urban,3289.2
2018,Terengganu,Urban,299.8
2018,Sabah,Urban,1114
2018,Sarawak,Urban,778.7
2018,W.P. Kuala Lumpur,Urban,824.4
2018,W.P Labuan,Urban,36.5
2018,W.P.Putrajaya,Urban,38.4
2018,Malaysia,Rural,3136.4
2018,Johor,Rural,323.9
2018,Kedah,Rural,251.4
2018,Kelantan,Rural,338.6
2018,Melaka,Rural,21.1
2018,Negeri Sembilan,Rural,118.9
2018,Pahang,Rural,282.3
2018,Pulau Pinang,Rural,35.9
2018,Perak,Rural,208.2
2018,Perlis,Rural,38.6
2018,Selangor,Rural,157.4
2018,Terengganu,Rural,148.1
2018,Sabah,Rural,711.4
2018,Sarawak,Rural,495.7
2018,W.P. Kuala Lumpur,Rural,-
2018,W.P Labuan,Rural,4.9
2018,W.P.Putrajaya,Rural,-
2017,Malaysia,Urban,11223.3
2017,Johor,Urban,1283
2017,Kedah,Urban,657
2017,Kelantan,Urban,347.4
2017,Melaka,Urban,383.2
2017,Negeri Sembilan,Urban,352.9
2017,Pahang,Urban,416.4
2017,Pulau Pinang,Urban,787.3
2017,Perak,Urban,784.3
2017,Perlis,Urban,63.2
2017,Selangor,Urban,3193.2
2017,Terengganu,Urban,294.9
2017,Sabah,Urban,993.9
2017,Sarawak,Urban,750.4
2017,W.P. Kuala Lumpur,Urban,844.3
2017,W.P Labuan,Urban,33.9
2017,W.P.Putrajaya,Urban,38
2017,Malaysia,Rural,3253.5
2017,Johor,Rural,333.8
2017,Kedah,Rural,249.3
2017,Kelantan,Rural,328.6
2017,Melaka,Rural,23
2017,Negeri Sembilan,Rural,124.4
2017,Pahang,Rural,273.8
2017,Pulau Pinang,Rural,36.5
2017,Perak,Rural,229
2017,Perlis,Rural,35.2
2017,Selangor,Rural,166.2
2017,Terengganu,Rural,143.4
2017,Sabah,Rural,802.4
2017,Sarawak,Rural,503.3
2017,W.P. Kuala Lumpur,Rural,-
2017,W.P Labuan,Rural,4.5
2017,W.P.Putrajaya,Rural,-
2016,Malaysia,Urban,10863.3
2016,Johor,Urban,1236.5
2016,Kedah,Urban,634.9
2016,Kelantan,Urban,315.8
2016,Melaka,Urban,371.6
2016,Negeri Sembilan,Urban,334.6
2016,Pahang,Urban,396.4
2016,Pulau Pinang,Urban,784.1
2016,Perak,Urban,767.2
2016,Perlis,Urban,60.2
2016,Selangor,Urban,3044.8
2016,Terengganu,Urban,281
2016,Sabah,Urban,1043.3
2016,Sarawak,Urban,692.3
2016,W.P. Kuala Lumpur,Urban,827.2
2016,W.P Labuan,Urban,35.3
2016,W.P.Putrajaya,Urban,38.2
2016,Malaysia,Rural,3300.4
2016,Johor,Rural,344.1
2016,Kedah,Rural,249.5
2016,Kelantan,Rural,317.1
2016,Melaka,Rural,25.7
2016,Negeri Sembilan,Rural,132.3
2016,Pahang,Rural,295.9
2016,Pulau Pinang,Rural,43.3
2016,Perak,Rural,221.1
2016,Perlis,Rural,40
2016,Selangor,Rural,172.8
2016,Terengganu,Rural,147.6
2016,Sabah,Rural,780.4
2016,Sarawak,Rural,526
2016,W.P. Kuala Lumpur,Rural,-
2016,W.P Labuan,Rural,4.8
2016,W.P.Putrajaya,Rural,-
2015,Malaysia,Urban,10693.7
2015,Johor,Urban,1221.4
2015,Kedah,Urban,613.2
2015,Kelantan,Urban,313.3
2015,Melaka,Urban,370.4
2015,Negeri Sembilan,Urban,336.3
2015,Pahang,Urban,400.7
2015,Pulau Pinang,Urban,789.9
2015,Perak,Urban,749.3
2015,Perlis,Urban,58.4
2015,Selangor,Urban,2953.1
2015,Terengganu,Urban,273.4
2015,Sabah,Urban,993.7
2015,Sarawak,Urban,694.4
2015,W.P. Kuala Lumpur,Urban,853.4
2015,W.P Labuan,Urban,34.3
2015,W.P.Putrajaya,Urban,38.5
2015,Malaysia,Rural,3374
2015,Johor,Rural,361.2
2015,Kedah,Rural,268.4
2015,Kelantan,Rural,338.8
2015,Melaka,Rural,28
2015,Negeri Sembilan,Rural,132.4
2015,Pahang,Rural,296.8
2015,Pulau Pinang,Rural,44.3
2015,Perak,Rural,232.5
2015,Perlis,Rural,39.7
2015,Selangor,Rural,181.9
2015,Terengganu,Rural,147.1
2015,Sabah,Rural,777.4
2015,Sarawak,Rural,520.3
2015,W.P. Kuala Lumpur,Rural,0
2015,W.P Labuan,Rural,5.1
2015,W.P.Putrajaya,Rural,0
2014,Malaysia,Urban,10423.9
2014,Johor,Urban,1216.8
2014,Kedah,Urban,588
2014,Kelantan,Urban,293.8
2014,Melaka,Urban,363.1
2014,Negeri Sembilan,Urban,336.7
2014,Pahang,Urban,384.2
2014,Pulau Pinang,Urban,789.3
2014,Perak,Urban,710.3
2014,Perlis,Urban,54.4
2014,Selangor,Urban,2844.5
2014,Terengganu,Urban,265.5
2014,Sabah,Urban,980.9
2014,Sarawak,Urban,668.4
2014,W.P. Kuala Lumpur,Urban,852
2014,W.P Labuan,Urban,35.7
2014,W.P.Putrajaya,Urban,40.3
2014,Malaysia,Rural,3428.7
2014,Johor,Rural,363
2014,Kedah,Rural,271.8
2014,Kelantan,Rural,331.4
2014,Melaka,Rural,31.8
2014,Negeri Sembilan,Rural,129.8
2014,Pahang,Rural,298.9
2014,Pulau Pinang,Rural,49.9
2014,Perak,Rural,243.8
2014,Perlis,Rural,40.8
2014,Selangor,Rural,189.1
2014,Terengganu,Rural,149.3
2014,Sabah,Rural,760
2014,Sarawak,Rural,563.8
2014,W.P. Kuala Lumpur,Rural,0
2014,W.P Labuan,Rural,5.1
2014,W.P.Putrajaya,Rural,0
2013,Malaysia,Urban,9594.1
2013,Johor,Urban,1184
2013,Kedah,Urban,399
2013,Kelantan,Urban,212.3
2013,Melaka,Urban,317.1
2013,Negeri Sembilan,Urban,298.8
2013,Pahang,Urban,351.5
2013,Pulau Pinang,Urban,688.3
2013,Perak,Urban,625.3
2013,Perlis,Urban,38.5
2013,Selangor,Urban,2720.4
2013,Terengganu,Urban,219
2013,Sabah,Urban,965.5
2013,Sarawak,Urban,625.3
2013,W.P. Kuala Lumpur,Urban,877.8
2013,W.P Labuan,Urban,30.5
2013,W.P.Putrajaya,Urban,40.7
2013,Malaysia,Rural,3951.3
2013,Johor,Rural,369.5
2013,Kedah,Rural,443.3
2013,Kelantan,Rural,390.4
2013,Melaka,Rural,58.4
2013,Negeri Sembilan,Rural,165.4
2013,Pahang,Rural,308.2
2013,Pulau Pinang,Rural,123.7
2013,Perak,Rural,322.6
2013,Perlis,Rural,55.8
2013,Selangor,Rural,212.9
2013,Terengganu,Rural,187.9
2013,Sabah,Rural,740.5
2013,Sarawak,Rural,563.2
2013,W.P. Kuala Lumpur,Rural,0
2013,W.P Labuan,Rural,9.6
2013,W.P.Putrajaya,Rural,0
2012,Malaysia,Urban,8968.1
2012,Johor,Urban,1101.6
2012,Kedah,Urban,368.6
2012,Kelantan,Urban,206.5
2012,Melaka,Urban,296.3
2012,Negeri Sembilan,Urban,286.7
2012,Pahang,Urban,324.7
2012,Pulau Pinang,Urban,644.3
2012,Perak,Urban,591.3
2012,Perlis,Urban,34.4
2012,Selangor,Urban,2573.3
2012,Terengganu,Urban,209.6
2012,Sabah,Urban,844.6
2012,Sarawak,Urban,595.7
2012,W.P. Kuala Lumpur,Urban,820.4
2012,W.P Labuan,Urban,30
2012,W.P.Putrajaya,Urban,40.3
2012,Malaysia,Rural,3852.4
2012,Johor,Rural,379.9
2012,Kedah,Rural,418.3
2012,Kelantan,Rural,372.2
2012,Melaka,Rural,60.7
2012,Negeri Sembilan,Rural,155.4
2012,Pahang,Rural,308.4
2012,Pulau Pinang,Rural,135.5
2012,Perak,Rural,335.8
2012,Perlis,Rural,52.7
2012,Selangor,Rural,202.7
2012,Terengganu,Rural,180
2012,Sabah,Rural,692.8
2012,Sarawak,Rural,548.2
2012,W.P. Kuala Lumpur,Rural,0
2012,W.P Labuan,Rural,9.5
2012,W.P.Putrajaya,Rural,0
2011,Malaysia,Urban,8576.4
2011,Johor,Urban,1088.8
2011,Kedah,Urban,331.3
2011,Kelantan,Urban,192.2
2011,Melaka,Urban,273.6
2011,Negeri Sembilan,Urban,248.2
2011,Pahang,Urban,314.1
2011,Pulau Pinang,Urban,645.9
2011,Perak,Urban,579.8
2011,Perlis,Urban,32.7
2011,Selangor,Urban,2444.8
2011,Terengganu,Urban,205
2011,Sabah,Urban,790.6
2011,Sarawak,Urban,546.7
2011,W.P. Kuala Lumpur,Urban,812.5
2011,W.P Labuan,Urban,28.8
2011,W.P.Putrajaya,Urban,41.4
2011,Malaysia,Rural,3775.1
2011,Johor,Rural,373.1
2011,Kedah,Rural,412.1
2011,Kelantan,Rural,352.4
2011,Melaka,Rural,67.2
2011,Negeri Sembilan,Rural,167.9
2011,Pahang,Rural,294.2
2011,Pulau Pinang,Rural,126.9
2011,Perak,Rural,339.9
2011,Perlis,Rural,50.6
2011,Selangor,Rural,200.5
2011,Terengganu,Rural,185.3
2011,Sabah,Rural,683.8
2011,Sarawak,Rural,511.5
2011,W.P. Kuala Lumpur,Rural,0
2011,W.P Labuan,Rural,9.8
2011,W.P.Putrajaya,Rural,0
2010,Malaysia,Urban,8192.5
2010,Johor,Urban,1031
2010,Kedah,Urban,327.2
2010,Kelantan,Urban,187.7
2010,Melaka,Urban,267.2
2010,Negeri Sembilan,Urban,255.2
2010,Pahang,Urban,305.2
2010,Pulau Pinang,Urban,618.8
2010,Perak,Urban,550.8
2010,Perlis,Urban,31.3
2010,Selangor,Urban,2359.6
2010,Terengganu,Urban,187.6
2010,Sabah,Urban,704.2
2010,Sarawak,Urban,550.9
2010,W.P. Kuala Lumpur,Urban,788
2010,W.P Labuan,Urban,27.9
2010,W.P.Putrajaya,Urban,0
2010,Malaysia,Rural,3707
2010,Johor,Rural,387.8
2010,Kedah,Rural,398.5
2010,Kelantan,Rural,346.5
2010,Melaka,Rural,67.8
2010,Negeri Sembilan,Rural,150.2
2010,Pahang,Rural,285.8
2010,Pulau Pinang,Rural,123.5
2010,Perak,Rural,327.9
2010,Perlis,Rural,49.6
2010,Selangor,Rural,191.5
2010,Terengganu,Rural,179
2010,Sabah,Rural,694.4
2010,Sarawak,Rural,494.7
2010,W.P. Kuala Lumpur,Rural,0
2010,W.P Labuan,Rural,9.8
2010,W.P.Putrajaya,Rural,0
2009,Malaysia,Urban,7411.4
2009,Johor,Urban,977.9
2009,Kedah,Urban,313.7
2009,Kelantan,Urban,183.2
2009,Melaka,Urban,224.7
2009,Negeri Sembilan,Urban,239.5
2009,Pahang,Urban,301.2
2009,Pulau Pinang,Urban,573.9
2009,Perak,Urban,568.4
2009,Perlis,Urban,32.2
2009,Selangor,Urban,1926.1
2009,Terengganu,Urban,205.7
2009,Sabah,Urban,666.9
2009,Sarawak,Urban,493
2009,W.P. Kuala Lumpur,Urban,678.1
2009,W.P Labuan,Urban,26.7
2009,W.P.Putrajaya,Urban,0
2009,Malaysia,Rural,3485.9
2009,Johor,Rural,328.4
2009,Kedah,Rural,387.9
2009,Kelantan,Rural,322
2009,Melaka,Rural,59.3
2009,Negeri Sembilan,Rural,146.9
2009,Pahang,Rural,302.4
2009,Pulau Pinang,Rural,115.9
2009,Perak,Rural,323.1
2009,Perlis,Rural,49.3
2009,Selangor,Rural,169.1
2009,Terengganu,Rural,184.6
2009,Sabah,Rural,603.8
2009,Sarawak,Rural,484.4
2009,W.P. Kuala Lumpur,Rural,0
2009,W.P Labuan,Rural,8.8
2009,W.P.Putrajaya,Rural,0
2008,Malaysia,Urban,7265.1
2008,Johor,Urban,940.6
2008,Kedah,Urban,295.5
2008,Kelantan,Urban,177.2
2008,Melaka,Urban,227.9
2008,Negeri Sembilan,Urban,235.1
2008,Pahang,Urban,290.2
2008,Pulau Pinang,Urban,560
2008,Perak,Urban,542.5
2008,Perlis,Urban,31.9
2008,Selangor,Urban,1930.5
2008,Terengganu,Urban,200.7
2008,Sabah,Urban,641.4
2008,Sarawak,Urban,484.4
2008,W.P. Kuala Lumpur,Urban,682.2
2008,W.P Labuan,Urban,25
2008,W.P.Putrajaya,Urban,0
2008,Malaysia,Rural,3394.5
2008,Johor,Rural,343.2
2008,Kedah,Rural,380.5
2008,Kelantan,Rural,309.3
2008,Melaka,Rural,58.9
2008,Negeri Sembilan,Rural,152
2008,Pahang,Rural,299.7
2008,Pulau Pinang,Rural,114.9
2008,Perak,Rural,316.4
2008,Perlis,Rural,49.6
2008,Selangor,Rural,161.5
2008,Terengganu,Rural,174.8
2008,Sabah,Rural,589
2008,Sarawak,Rural,437.3
2008,W.P. Kuala Lumpur,Rural,0
2008,W.P Labuan,Rural,7.5
2008,W.P.Putrajaya,Rural,0
2007,Malaysia,Urban,7102
2007,Johor,Urban,927.8
2007,Kedah,Urban,286.5
2007,Kelantan,Urban,166.5
2007,Melaka,Urban,218.4
2007,Negeri Sembilan,Urban,232
2007,Pahang,Urban,276.6
2007,Pulau Pinang,Urban,538.8
2007,Perak,Urban,555.8
2007,Perlis,Urban,30.1
2007,Selangor,Urban,1891.3
2007,Terengganu,Urban,190.6
2007,Sabah,Urban,608.3
2007,Sarawak,Urban,473.1
2007,W.P. Kuala Lumpur,Urban,682.1
2007,W.P Labuan,Urban,24.2
2007,W.P.Putrajaya,Urban,0
2007,Malaysia,Rural,3436.1
2007,Johor,Rural,358.9
2007,Kedah,Rural,383.9
2007,Kelantan,Rural,306.5
2007,Melaka,Rural,65.9
2007,Negeri Sembilan,Rural,149.6
2007,Pahang,Rural,285.3
2007,Pulau Pinang,Rural,114.7
2007,Perak,Rural,296.4
2007,Perlis,Rural,49.9
2007,Selangor,Rural,173
2007,Terengganu,Rural,172.4
2007,Sabah,Rural,590.2
2007,Sarawak,Rural,481
2007,W.P. Kuala Lumpur,Rural,0
2007,W.P Labuan,Rural,8.4
2007,W.P.Putrajaya,Rural,0
2006,Malaysia,Urban,6900.9
2006,Johor,Urban,916.2
2006,Kedah,Urban,281.8
2006,Kelantan,Urban,164.9
2006,Melaka,Urban,200.3
2006,Negeri Sembilan,Urban,230.3
2006,Pahang,Urban,267.8
2006,Pulau Pinang,Urban,525.2
2006,Perak,Urban,510
2006,Perlis,Urban,27.5
2006,Selangor,Urban,1845.3
2006,Terengganu,Urban,184.8
2006,Sabah,Urban,588
2006,Sarawak,Urban,458.6
2006,W.P. Kuala Lumpur,Urban,676.6
2006,W.P Labuan,Urban,23.5
2006,W.P.Putrajaya,Urban,0
2006,Malaysia,Rural,3374.4
2006,Johor,Rural,342
2006,Kedah,Rural,375
2006,Kelantan,Rural,293.4
2006,Melaka,Rural,72.8
2006,Negeri Sembilan,Rural,148.5
2006,Pahang,Rural,289.6
2006,Pulau Pinang,Rural,122.5
2006,Perak,Rural,305.8
2006,Perlis,Rural,47
2006,Selangor,Rural,172.3
2006,Terengganu,Rural,166.7
2006,Sabah,Rural,572.1
2006,Sarawak,Rural,459.7
2006,W.P. Kuala Lumpur,Rural,0
2006,W.P Labuan,Rural,7.1
2006,W.P.Putrajaya,Rural,0
2005,Malaysia,Urban,6771.7
2005,Johor,Urban,893.5
2005,Kedah,Urban,284.5
2005,Kelantan,Urban,157.5
2005,Melaka,Urban,200.5
2005,Negeri Sembilan,Urban,230
2005,Pahang,Urban,254.4
2005,Pulau Pinang,Urban,506.7
2005,Perak,Urban,516.3
2005,Perlis,Urban,28.8
2005,Selangor,Urban,1817
2005,Terengganu,Urban,177.3
2005,Sabah,Urban,549.1
2005,Sarawak,Urban,457.6
2005,W.P. Kuala Lumpur,Urban,675.2
2005,W.P Labuan,Urban,23.3
2005,W.P.Putrajaya,Urban,0
2005,Malaysia,Rural,3273.7
2005,Johor,Rural,343.6
2005,Kedah,Rural,368.3
2005,Kelantan,Rural,281.3
2005,Melaka,Rural,70.6
2005,Negeri Sembilan,Rural,142.8
2005,Pahang,Rural,270.3
2005,Pulau Pinang,Rural,114.8
2005,Perak,Rural,284.9
2005,Perlis,Rural,45.3
2005,Selangor,Rural,168.9
2005,Terengganu,Rural,164.6
2005,Sabah,Rural,557.7
2005,Sarawak,Rural,453.3
2005,W.P. Kuala Lumpur,Rural,0
2005,W.P Labuan,Rural,7.2
2005,W.P.Putrajaya,Rural,0
2004,Malaysia,Urban,6604.1
2004,Johor,Urban,853.5
2004,Kedah,Urban,272.4
2004,Kelantan,Urban,156.6
2004,Melaka,Urban,188
2004,Negeri Sembilan,Urban,206.9
2004,Pahang,Urban,243.7
2004,Pulau Pinang,Urban,507.3
2004,Perak,Urban,495.4
2004,Perlis,Urban,28.4
2004,Selangor,Urban,1790.7
2004,Terengganu,Urban,169
2004,Sabah,Urban,529.6
2004,Sarawak,Urban,466.2
2004,W.P. Kuala Lumpur,Urban,671.7
2004,W.P Labuan,Urban,24.7
2004,W.P.Putrajaya,Urban,0
2004,Malaysia,Rural,3375.4
2004,Johor,Rural,379.1
2004,Kedah,Rural,382.1
2004,Kelantan,Rural,280
2004,Melaka,Rural,77
2004,Negeri Sembilan,Rural,153.4
2004,Pahang,Rural,282.4
2004,Pulau Pinang,Rural,117.7
2004,Perak,Rural,295.6
2004,Perlis,Rural,45.4
2004,Selangor,Rural,182.6
2004,Terengganu,Rural,167.9
2004,Sabah,Rural,552.1
2004,Sarawak,Rural,452.4
2004,W.P. Kuala Lumpur,Rural,0
2004,W.P Labuan,Rural,7.6
2004,W.P.Putrajaya,Rural,0
2003,Malaysia,Urban,6466
2003,Johor,Urban,854.4
2003,Kedah,Urban,274.9
2003,Kelantan,Urban,165.1
2003,Melaka,Urban,190
2003,Negeri Sembilan,Urban,194.4
2003,Pahang,Urban,205.1
2003,Pulau Pinang,Urban,555.6
2003,Perak,Urban,464.5
2003,Perlis,Urban,26.8
2003,Selangor,Urban,1639.7
2003,Terengganu,Urban,172.3
2003,Sabah,Urban,523.4
2003,Sarawak,Urban,460.6
2003,W.P. Kuala Lumpur,Urban,715.1
2003,W.P Labuan,Urban,24.1
2003,W.P.Putrajaya,Urban,0
2003,Malaysia,Rural,3403.8
2003,Johor,Rural,414.7
2003,Kedah,Rural,382.8
2003,Kelantan,Rural,310.6
2003,Melaka,Rural,82.7
2003,Negeri Sembilan,Rural,145.6
2003,Pahang,Rural,254.9
2003,Pulau Pinang,Rural,118.7
2003,Perak,Rural,270.1
2003,Perlis,Rural,49.7
2003,Selangor,Rural,194.5
2003,Terengganu,Rural,172.6
2003,Sabah,Rural,549.7
2003,Sarawak,Rural,449.3
2003,W.P. Kuala Lumpur,Rural,0
2003,W.P Labuan,Rural,7.7
2003,W.P.Putrajaya,Rural,0
2002,Malaysia,Urban,6300.8
2002,Johor,Urban,830.8
2002,Kedah,Urban,258.6
2002,Kelantan,Urban,139.1
2002,Melaka,Urban,154.3
2002,Negeri Sembilan,Urban,171.2
2002,Pahang,Urban,169.4
2002,Pulau Pinang,Urban,550.6
2002,Perak,Urban,509.7
2002,Perlis,Urban,20.1
2002,Selangor,Urban,1608.8
2002,Terengganu,Urban,134.2
2002,Sabah,Urban,492.7
2002,Sarawak,Urban,443.8
2002,W.P. Kuala Lumpur,Urban,794.1
2002,W.P Labuan,Urban,23.3
2002,W.P.Putrajaya,Urban,0
2002,Malaysia,Rural,3241.8
2002,Johor,Rural,391.5
2002,Kedah,Rural,386.5
2002,Kelantan,Rural,283.6
2002,Melaka,Rural,75
2002,Negeri Sembilan,Rural,153.5
2002,Pahang,Rural,237.6
2002,Pulau Pinang,Rural,92.5
2002,Perak,Rural,278.6
2002,Perlis,Rural,36.8
2002,Selangor,Rural,141
2002,Terengganu,Rural,145.4
2002,Sabah,Rural,536.1
2002,Sarawak,Rural,473.9
2002,W.P. Kuala Lumpur,Rural,0
2002,W.P Labuan,Rural,9.6
2002,W.P.Putrajaya,Rural,0
2001,Malaysia,Urban,6172.9
2001,Johor,Urban,868.3
2001,Kedah,Urban,313.1
2001,Kelantan,Urban,148.5
2001,Melaka,Urban,198
2001,Negeri Sembilan,Urban,203.6
2001,Pahang,Urban,207.1
2001,Pulau Pinang,Urban,585.4
2001,Perak,Urban,467.5
2001,Perlis,Urban,25.6
2001,Selangor,Urban,1386.5
2001,Terengganu,Urban,155.7
2001,Sabah,Urban,455.3
2001,Sarawak,Urban,433.1
2001,W.P. Kuala Lumpur,Urban,703.7
2001,W.P Labuan,Urban,21.3
2001,W.P.Putrajaya,Urban,0
2001,Malaysia,Rural,3184.1
2001,Johor,Rural,367.5
2001,Kedah,Rural,388
2001,Kelantan,Rural,285.7
2001,Melaka,Rural,69.7
2001,Negeri Sembilan,Rural,147.7
2001,Pahang,Rural,230.6
2001,Pulau Pinang,Rural,129.6
2001,Perak,Rural,263.1
2001,Perlis,Rural,57.2
2001,Selangor,Rural,128.2
2001,Terengganu,Rural,142.9
2001,Sabah,Rural,523.7
2001,Sarawak,Rural,444.3
2001,W.P. Kuala Lumpur,Rural,0
2001,W.P Labuan,Rural,5.8
2001,W.P.Putrajaya,Rural,0
2000,Malaysia,Urban,5027.8
2000,Johor,Urban,624.6
2000,Kedah,Urban,229.1
2000,Kelantan,Urban,141.5
2000,Melaka,Urban,109.4
2000,Negeri Sembilan,Urban,159.4
2000,Pahang,Urban,151.5
2000,Pulau Pinang,Urban,489.2
2000,Perak,Urban,418.3
2000,Perlis,Urban,20.6
2000,Selangor,Urban,1231.4
2000,Terengganu,Urban,140
2000,Sabah,Urban,284.4
2000,Sarawak,Urban,351.7
2000,W.P. Kuala Lumpur,Urban,662.8
2000,W.P Labuan,Urban,13.8
2000,W.P.Putrajaya,Urban,0
2000,Malaysia,Rural,4241.4
2000,Johor,Rural,570.8
2000,Kedah,Rural,397.4
2000,Kelantan,Rural,284.2
2000,Melaka,Rural,144.2
2000,Negeri Sembilan,Rural,188.1
2000,Pahang,Rural,295.3
2000,Pulau Pinang,Rural,180
2000,Perak,Rural,325.7
2000,Perlis,Rural,54.2
2000,Selangor,Rural,450
2000,Terengganu,Rural,166
2000,Sabah,Rural,649.4
2000,Sarawak,Rural,524.6
2000,W.P. Kuala Lumpur,Rural,0
2000,W.P Labuan,Rural,11.6
2000,W.P.Putrajaya,Rural,0
1999,Malaysia,Urban,4827.3
1999,Johor,Urban,538.8
1999,Kedah,Urban,223.9
1999,Kelantan,Urban,144.8
1999,Melaka,Urban,109.7
1999,Negeri Sembilan,Urban,137.9
1999,Pahang,Urban,123.7
1999,Pulau Pinang,Urban,457
1999,Perak,Urban,380.3
1999,Perlis,Urban,22.1
1999,Selangor,Urban,1041.2
1999,Terengganu,Urban,128.8
1999,Sabah,Urban,340.9
1999,Sarawak,Urban,466.9
1999,W.P. Kuala Lumpur,Urban,689.7
1999,W.P Labuan,Urban,21.6
1999,W.P.Putrajaya,Urban,0
1999,Malaysia,Rural,4010.5
1999,Johor,Rural,490.3
1999,Kedah,Rural,454.8
1999,Kelantan,Rural,292
1999,Melaka,Rural,133.5
1999,Negeri Sembilan,Rural,136.9
1999,Pahang,Rural,260.7
1999,Pulau Pinang,Rural,145.9
1999,Perak,Rural,304.2
1999,Perlis,Rural,56.4
1999,Selangor,Rural,386
1999,Terengganu,Rural,171.3
1999,Sabah,Rural,760.8
1999,Sarawak,Rural,398.1
1999,W.P. Kuala Lumpur,Rural,0
1999,W.P Labuan,Rural,19.7
1999,W.P.Putrajaya,Rural,0
1998,Malaysia,Urban,4624
1998,Johor,Urban,529.1
1998,Kedah,Urban,201.7
1998,Kelantan,Urban,137.7
1998,Melaka,Urban,113.4
1998,Negeri Sembilan,Urban,146
1998,Pahang,Urban,131.9
1998,Pulau Pinang,Urban,443.7
1998,Perak,Urban,376.3
1998,Perlis,Urban,21.1
1998,Selangor,Urban,1048.8
1998,Terengganu,Urban,124.7
1998,Sabah,Urban,317.9
1998,Sarawak,Urban,344.1
1998,W.P. Kuala Lumpur,Urban,668.3
1998,W.P Labuan,Urban,19.2
1998,W.P.Putrajaya,Urban,0
1998,Malaysia,Rural,3975.7
1998,Johor,Rural,497.9
1998,Kedah,Rural,365.6
1998,Kelantan,Rural,293
1998,Melaka,Rural,129
1998,Negeri Sembilan,Rural,158.4
1998,Pahang,Rural,233
1998,Pulau Pinang,Rural,141.5
1998,Perak,Rural,308.6
1998,Perlis,Rural,49.9
1998,Selangor,Rural,381.5
1998,Terengganu,Rural,168.8
1998,Sabah,Rural,750.3
1998,Sarawak,Rural,480.3
1998,W.P. Kuala Lumpur,Rural,0
1998,W.P Labuan,Rural,17.8
1998,W.P.Putrajaya,Rural,0
1997,Malaysia,Urban,4665.2
1997,Johor,Urban,555.5
1997,Kedah,Urban,197.6
1997,Kelantan,Urban,142.6
1997,Melaka,Urban,120.9
1997,Negeri Sembilan,Urban,155.4
1997,Pahang,Urban,135
1997,Pulau Pinang,Urban,422.4
1997,Perak,Urban,414.5
1997,Perlis,Urban,20.4
1997,Selangor,Urban,1004.9
1997,Terengganu,Urban,128.3
1997,Sabah,Urban,308.4
1997,Sarawak,Urban,352
1997,W.P. Kuala Lumpur,Urban,691
1997,W.P Labuan,Urban,16.2
1997,W.P.Putrajaya,Urban,0
1997,Malaysia,Rural,3903.9
1997,Johor,Rural,502.8
1997,Kedah,Rural,403.7
1997,Kelantan,Rural,271.1
1997,Melaka,Rural,136.2
1997,Negeri Sembilan,Rural,152.2
1997,Pahang,Rural,260.4
1997,Pulau Pinang,Rural,129.5
1997,Perak,Rural,329.7
1997,Perlis,Rural,49.7
1997,Selangor,Rural,324.9
1997,Terengganu,Rural,154
1997,Sabah,Rural,691.7
1997,Sarawak,Rural,479.5
1997,W.P. Kuala Lumpur,Rural,0
1997,W.P Labuan,Rural,18.5
1997,W.P.Putrajaya,Rural,0
1996,Malaysia,Urban,4506.7
1996,Johor,Urban,503.1
1996,Kedah,Urban,179.5
1996,Kelantan,Urban,149.3
1996,Melaka,Urban,107.6
1996,Negeri Sembilan,Urban,154.4
1996,Pahang,Urban,135.3
1996,Pulau Pinang,Urban,334.3
1996,Perak,Urban,422.6
1996,Perlis,Urban,17.8
1996,Selangor,Urban,1029
1996,Terengganu,Urban,131
1996,Sabah,Urban,289.2
1996,Sarawak,Urban,337.4
1996,W.P. Kuala Lumpur,Urban,697.8
1996,W.P Labuan,Urban,18.6
1996,W.P.Putrajaya,Urban,0
1996,Malaysia,Rural,3892.5
1996,Johor,Rural,493.5
1996,Kedah,Rural,356.5
1996,Kelantan,Rural,296.2
1996,Melaka,Rural,129.3
1996,Negeri Sembilan,Rural,164.9
1996,Pahang,Rural,270.9
1996,Pulau Pinang,Rural,115.1
1996,Perak,Rural,300.5
1996,Perlis,Rural,52.3
1996,Selangor,Rural,330.1
1996,Terengganu,Rural,167
1996,Sabah,Rural,703.3
1996,Sarawak,Rural,494.2
1996,W.P. Kuala Lumpur,Rural,0
1996,W.P Labuan,Rural,18.8
1996,W.P.Putrajaya,Rural,0
1995,Malaysia,Urban,4242.2
1995,Johor,Urban,465.9
1995,Kedah,Urban,189.1
1995,Kelantan,Urban,138.3
1995,Melaka,Urban,104.5
1995,Negeri Sembilan,Urban,136.2
1995,Pahang,Urban,134.1
1995,Pulau Pinang,Urban,371.6
1995,Perak,Urban,354.1
1995,Perlis,Urban,18.1
1995,Selangor,Urban,1042
1995,Terengganu,Urban,124.9
1995,Sabah,Urban,232.6
1995,Sarawak,Urban,330.7
1995,W.P. Kuala Lumpur,Urban,588.4
1995,W.P Labuan,Urban,11.6
1995,W.P.Putrajaya,Urban,0
1995,Malaysia,Rural,3402.8
1995,Johor,Rural,425.9
1995,Kedah,Rural,332
1995,Kelantan,Rural,274.3
1995,Melaka,Rural,118.2
1995,Negeri Sembilan,Rural,160
1995,Pahang,Rural,237.3
1995,Pulau Pinang,Rural,114.2
1995,Perak,Rural,280.2
1995,Perlis,Rural,52.7
1995,Selangor,Rural,296.9
1995,Terengganu,Rural,143.1
1995,Sabah,Rural,490.1
1995,Sarawak,Rural,458.4
1995,W.P. Kuala Lumpur,Rural,0
1995,W.P Labuan,Rural,19.5
1995,W.P.Putrajaya,Rural,0
1993,Malaysia,Urban,4068.8
1993,Johor,Urban,523.1
1993,Kedah,Urban,169.4
1993,Kelantan,Urban,133.6
1993,Melaka,Urban,90.2
1993,Negeri Sembilan,Urban,135
1993,Pahang,Urban,120
1993,Pulau Pinang,Urban,417.8
1993,Perak,Urban,369.6
1993,Perlis,Urban,17.9
1993,Selangor,Urban,858.1
1993,Terengganu,Urban,123.4
1993,Sabah,Urban,220.2
1993,Sarawak,Urban,303.7
1993,W.P. Kuala Lumpur,Urban,580.5
1993,W.P Labuan,Urban,6.4
1993,W.P.Putrajaya,Urban,0
1993,Malaysia,Rural,3314.5
1993,Johor,Rural,451.2
1993,Kedah,Rural,305.7
1993,Kelantan,Rural,260.8
1993,Melaka,Rural,128.2
1993,Negeri Sembilan,Rural,149.3
1993,Pahang,Rural,258.7
1993,Pulau Pinang,Rural,113.2
1993,Perak,Rural,300.2
1993,Perlis,Rural,52.8
1993,Selangor,Rural,222.1
1993,Terengganu,Rural,157.4
1993,Sabah,Rural,453.8
1993,Sarawak,Rural,450.1
1993,W.P. Kuala Lumpur,Rural,0
1993,W.P Labuan,Rural,11
1993,W.P.Putrajaya,Rural,0
1992,Malaysia,Urban,3942.8
1992,Johor,Urban,495.4
1992,Kedah,Urban,180.6
1992,Kelantan,Urban,134
1992,Melaka,Urban,87.2
1992,Negeri Sembilan,Urban,113.3
1992,Pahang,Urban,141.2
1992,Pulau Pinang,Urban,402.4
1992,Perak,Urban,397.8
1992,Perlis,Urban,19.2
1992,Selangor,Urban,854.8
1992,Terengganu,Urban,113
1992,Sabah,Urban,156.4
1992,Sarawak,Urban,283.9
1992,W.P. Kuala Lumpur,Urban,555.8
1992,W.P Labuan,Urban,7.9
1992,W.P.Putrajaya,Urban,0
1992,Malaysia,Rural,3105
1992,Johor,Rural,430.6
1992,Kedah,Rural,314.4
1992,Kelantan,Rural,248.5
1992,Melaka,Rural,120.2
1992,Negeri Sembilan,Rural,138.1
1992,Pahang,Rural,275.8
1992,Pulau Pinang,Rural,110.3
1992,Perak,Rural,295.1
1992,Perlis,Rural,47.7
1992,Selangor,Rural,214.8
1992,Terengganu,Rural,140
1992,Sabah,Rural,335.1
1992,Sarawak,Rural,427.4
1992,W.P. Kuala Lumpur,Rural,0
1992,W.P Labuan,Rural,7
1992,W.P.Putrajaya,Rural,0
1990,Malaysia,Urban,2225.7
1990,Johor,Urban,248.3
1990,Kedah,Urban,54.7
1990,Kelantan,Urban,100.4
1990,Melaka,Urban,40.4
1990,Negeri Sembilan,Urban,69.8
1990,Pahang,Urban,110.1
1990,Pulau Pinang,Urban,196.2
1990,Perak,Urban,222.6
1990,Perlis,Urban,4.9
1990,Selangor,Urban,377.7
1990,Terengganu,Urban,95.2
1990,Sabah,Urban,91
1990,Sarawak,Urban,115.2
1990,W.P. Kuala Lumpur,Urban,490.7
1990,W.P Labuan,Urban,8.4
1990,W.P.Putrajaya,Urban,0
1990,Malaysia,Rural,4459.3
1990,Johor,Rural,665.7
1990,Kedah,Rural,413
1990,Kelantan,Rural,277.3
1990,Melaka,Rural,139.6
1990,Negeri Sembilan,Rural,146.2
1990,Pahang,Rural,318.7
1990,Pulau Pinang,Rural,261
1990,Perak,Rural,455.6
1990,Perlis,Rural,52.2
1990,Selangor,Rural,661.7
1990,Terengganu,Rural,132.5
1990,Sabah,Rural,345.9
1990,Sarawak,Rural,583.6
1990,W.P. Kuala Lumpur,Rural,0
1990,W.P Labuan,Rural,6.4
1990,W.P.Putrajaya,Rural,0
1989,Malaysia,Urban,2172
1989,Johor,Urban,251.4
1989,Kedah,Urban,56.5
1989,Kelantan,Urban,97.7
1989,Melaka,Urban,40.3
1989,Negeri Sembilan,Urban,80
1989,Pahang,Urban,98.3
1989,Pulau Pinang,Urban,190.9
1989,Perak,Urban,232.8
1989,Perlis,Urban,5.8
1989,Selangor,Urban,323.3
1989,Terengganu,Urban,88.2
1989,Sabah,Urban,86.6
1989,Sarawak,Urban,108.6
1989,W.P. Kuala Lumpur,Urban,504.7
1989,W.P Labuan,Urban,6.7
1989,W.P.Putrajaya,Urban,0
1989,Malaysia,Rural,4218.9
1989,Johor,Rural,570.9
1989,Kedah,Rural,386.8
1989,Kelantan,Rural,266.1
1989,Melaka,Rural,145.6
1989,Negeri Sembilan,Rural,149.2
1989,Pahang,Rural,280.8
1989,Pulau Pinang,Rural,245.3
1989,Perak,Rural,454
1989,Perlis,Rural,60.6
1989,Selangor,Rural,576.9
1989,Terengganu,Rural,141.7
1989,Sabah,Rural,355.7
1989,Sarawak,Rural,578.5
1989,W.P. Kuala Lumpur,Rural,0
1989,W.P Labuan,Rural,6.7
1989,W.P.Putrajaya,Rural,0
1988,Malaysia,Urban,2088.8
1988,Johor,Urban,247
1988,Kedah,Urban,61.5
1988,Kelantan,Urban,102
1988,Melaka,Urban,35.5
1988,Negeri Sembilan,Urban,73.9
1988,Pahang,Urban,92.2
1988,Pulau Pinang,Urban,174.7
1988,Perak,Urban,232.3
1988,Perlis,Urban,7
1988,Selangor,Urban,312.6
1988,Terengganu,Urban,94.1
1988,Sabah,Urban,72.7
1988,Sarawak,Urban,107.8
1988,W.P. Kuala Lumpur,Urban,469.6
1988,W.P Labuan,Urban,6
1988,W.P.Putrajaya,Urban,0
1988,Malaysia,Rural,4068.4
1988,Johor,Rural,545
1988,Kedah,Rural,397.8
1988,Kelantan,Rural,261.4
1988,Melaka,Rural,139.9
1988,Negeri Sembilan,Rural,154.1
1988,Pahang,Rural,259.3
1988,Pulau Pinang,Rural,224.2
1988,Perak,Rural,424.5
1988,Perlis,Rural,58.5
1988,Selangor,Rural,580.4
1988,Terengganu,Rural,135.7
1988,Sabah,Rural,351.9
1988,Sarawak,Rural,529.4
1988,W.P. Kuala Lumpur,Rural,0
1988,W.P Labuan,Rural,6.3
1988,W.P.Putrajaya,Rural,0
1987,Malaysia,Urban,2030.4
1987,Johor,Urban,245
1987,Kedah,Urban,63.1
1987,Kelantan,Urban,91.7
1987,Melaka,Urban,36.8
1987,Negeri Sembilan,Urban,67.9
1987,Pahang,Urban,88.3
1987,Pulau Pinang,Urban,168.9
1987,Perak,Urban,235.8
1987,Perlis,Urban,6.1
1987,Selangor,Urban,298.1
1987,Terengganu,Urban,80.9
1987,Sabah,Urban,77.6
1987,Sarawak,Urban,105.7
1987,W.P. Kuala Lumpur,Urban,457.9
1987,W.P Labuan,Urban,6.5
1987,W.P.Putrajaya,Urban,0
1987,Malaysia,Rural,3953.6
1987,Johor,Rural,487.7
1987,Kedah,Rural,357
1987,Kelantan,Rural,258.8
1987,Melaka,Rural,139.9
1987,Negeri Sembilan,Rural,153.8
1987,Pahang,Rural,247.5
1987,Pulau Pinang,Rural,235.9
1987,Perak,Rural,434.7
1987,Perlis,Rural,54.5
1987,Selangor,Rural,566.9
1987,Terengganu,Rural,128
1987,Sabah,Rural,346.7
1987,Sarawak,Rural,536.3
1987,W.P. Kuala Lumpur,Rural,0
1987,W.P Labuan,Rural,5.8
1987,W.P.Putrajaya,Rural,0
1986,Malaysia,Urban,1996.5
1986,Johor,Urban,249.3
1986,Kedah,Urban,59.3
1986,Kelantan,Urban,90.3
1986,Melaka,Urban,34.5
1986,Negeri Sembilan,Urban,74.3
1986,Pahang,Urban,82
1986,Pulau Pinang,Urban,163.4
1986,Perak,Urban,227.3
1986,Perlis,Urban,5.1
1986,Selangor,Urban,270.5
1986,Terengganu,Urban,84.3
1986,Sabah,Urban,82.4
1986,Sarawak,Urban,111.8
1986,W.P. Kuala Lumpur,Urban,455
1986,W.P Labuan,Urban,6.9
1986,W.P.Putrajaya,Urban,0
1986,Malaysia,Rural,3763.7
1986,Johor,Rural,451.1
1986,Kedah,Rural,358.7
1986,Kelantan,Rural,250
1986,Melaka,Rural,135.3
1986,Negeri Sembilan,Rural,139.2
1986,Pahang,Rural,233.4
1986,Pulau Pinang,Rural,228
1986,Perak,Rural,442.6
1986,Perlis,Rural,52.4
1986,Selangor,Rural,506.6
1986,Terengganu,Rural,134.1
1986,Sabah,Rural,323.1
1986,Sarawak,Rural,502.6
1986,W.P. Kuala Lumpur,Rural,0
1986,W.P Labuan,Rural,6.7
1986,W.P.Putrajaya,Rural,0
1985,Malaysia,Urban,2063
1985,Johor,Urban,236.6
1985,Kedah,Urban,59.8
1985,Kelantan,Urban,83.6
1985,Melaka,Urban,37.5
1985,Negeri Sembilan,Urban,79.6
1985,Pahang,Urban,90.4
1985,Pulau Pinang,Urban,175.1
1985,Perak,Urban,242.4
1985,Perlis,Urban,6.6
1985,Selangor,Urban,272.2
1985,Terengganu,Urban,88.4
1985,Sabah,Urban,88.2
1985,Sarawak,Urban,103
1985,W.P. Kuala Lumpur,Urban,491.7
1985,W.P Labuan,Urban,8
1985,W.P.Putrajaya,Urban,0
1985,Malaysia,Rural,3590.3
1985,Johor,Rural,436.1
1985,Kedah,Rural,354.1
1985,Kelantan,Rural,240
1985,Melaka,Rural,132.6
1985,Negeri Sembilan,Rural,131.2
1985,Pahang,Rural,237.5
1985,Pulau Pinang,Rural,213
1985,Perak,Rural,427.2
1985,Perlis,Rural,54
1985,Selangor,Rural,433.9
1985,Terengganu,Rural,124
1985,Sabah,Rural,315.2
1985,Sarawak,Rural,484.5
1985,W.P. Kuala Lumpur,Rural,0
1985,W.P Labuan,Rural,7.1
1985,W.P.Putrajaya,Rural,0
1984,Malaysia,Urban,2028.9
1984,Johor,Urban,233.9
1984,Kedah,Urban,52.5
1984,Kelantan,Urban,88
1984,Melaka,Urban,35.8
1984,Negeri Sembilan,Urban,83
1984,Pahang,Urban,88.1
1984,Pulau Pinang,Urban,177.5
1984,Perak,Urban,234.7
1984,Perlis,Urban,4.7
1984,Selangor,Urban,266.2
1984,Terengganu,Urban,85.3
1984,Sabah,Urban,86.4
1984,Sarawak,Urban,98.9
1984,W.P. Kuala Lumpur,Urban,485.4
1984,W.P Labuan,Urban,8.6
1984,W.P.Putrajaya,Urban,0
1984,Malaysia,Rural,3537.8
1984,Johor,Rural,423.4
1984,Kedah,Rural,365.1
1984,Kelantan,Rural,234.3
1984,Melaka,Rural,126.8
1984,Negeri Sembilan,Rural,140.3
1984,Pahang,Rural,218.8
1984,Pulau Pinang,Rural,206.2
1984,Perak,Rural,424.9
1984,Perlis,Rural,57.1
1984,Selangor,Rural,424.1
1984,Terengganu,Rural,119.1
1984,Sabah,Rural,314
1984,Sarawak,Rural,476.4
1984,W.P. Kuala Lumpur,Rural,0
1984,W.P Labuan,Rural,7.3
1984,W.P.Putrajaya,Rural,0
1983,Malaysia,Urban,1990.1
1983,Johor,Urban,242.6
1983,Kedah,Urban,53
1983,Kelantan,Urban,77.1
1983,Melaka,Urban,37.5
1983,Negeri Sembilan,Urban,76.6
1983,Pahang,Urban,81
1983,Pulau Pinang,Urban,197
1983,Perak,Urban,247.3
1983,Perlis,Urban,13
1983,Selangor,Urban,264
1983,Terengganu,Urban,81.1
1983,Sabah,Urban,86.5
1983,Sarawak,Urban,102.7
1983,W.P. Kuala Lumpur,Urban,430.7
1983,W.P Labuan,Urban,0
1983,W.P.Putrajaya,Urban,0
1983,Malaysia,Rural,3466.9
1983,Johor,Rural,381.1
1983,Kedah,Rural,320.6
1983,Kelantan,Rural,205.4
1983,Melaka,Rural,128
1983,Negeri Sembilan,Rural,138.4
1983,Pahang,Rural,252.5
1983,Pulau Pinang,Rural,207.8
1983,Perak,Rural,421.9
1983,Perlis,Rural,50.8
1983,Selangor,Rural,475.9
1983,Terengganu,Rural,155.8
1983,Sabah,Rural,291.2
1983,Sarawak,Rural,437.4
1983,W.P. Kuala Lumpur,Rural,0
1983,W.P Labuan,Rural,0
1983,W.P.Putrajaya,Rural,0
1982,Malaysia,Urban,1968.1
1982,Johor,Urban,231.3
1982,Kedah,Urban,51.2
1982,Kelantan,Urban,81.7
1982,Melaka,Urban,42.2
1982,Negeri Sembilan,Urban,68.6
1982,Pahang,Urban,81
1982,Pulau Pinang,Urban,189.2
1982,Perak,Urban,212
1982,Perlis,Urban,6.1
1982,Selangor,Urban,265
1982,Terengganu,Urban,89.5
1982,Sabah,Urban,90.3
1982,Sarawak,Urban,96.1
1982,W.P. Kuala Lumpur,Urban,463.6
1982,W.P Labuan,Urban,0
1982,W.P.Putrajaya,Urban,0
1982,Malaysia,Rural,3280.9
1982,Johor,Rural,398.9
1982,Kedah,Rural,337.7
1982,Kelantan,Rural,222.5
1982,Melaka,Rural,124.9
1982,Negeri Sembilan,Rural,147.6
1982,Pahang,Rural,189.2
1982,Pulau Pinang,Rural,193.1
1982,Perak,Rural,392
1982,Perlis,Rural,49.6
1982,Selangor,Rural,411.9
1982,Terengganu,Rural,131.6
1982,Sabah,Rural,253.2
1982,Sarawak,Rural,428.6
1982,W.P. Kuala Lumpur,Rural,0
1982,W.P Labuan,Rural,0
1982,W.P.Putrajaya,Rural,0
