_id,Year,CountryState,Educational,Person
1,2020,MALAYSIA,Total,14956.7
2,2020,MALAYSIA,No formal education,358
3,2020,MALAYSIA,Primary,1506.3
4,2020,MALAYSIA,Secondary,8313.8
5,2020,MALAYSIA,Tertiary,4778.7
6,2020,JOHOR,Total,1775.6
7,2020,JOHOR,No formal education,20.3
8,2020,JOHOR,Primary,130.7
9,2020,JOHOR,Secondary,1189.8
10,2020,JOHOR,Tertiary,434.8
11,2020,KEDAH,Total,914.7
12,2020,KEDAH,No formal education,18.5
13,2020,KEDAH,Primary,82.3
14,2020,KEDAH,Secondary,557.1
15,2020,KEDAH,Tertiary,256.8
16,2020,KELANTAN,Total,680.8
17,2020,KELANTAN,No formal education,25.3
18,2020,KELANTAN,Primary,49.2
19,2020,KELANTAN,Secondary,402.2
20,2020,KELANTAN,Tertiary,204
21,2020,MELAKA,Total,417.3
22,2020,MELAKA,No formal education,2.2
23,2020,MELAKA,Primary,24.8
24,2020,MELAKA,Secondary,225.8
25,2020,MELAKA,Tertiary,164.5
26,2020,N.SEMBILAN,Total,474.1
27,2020,N.SEMBILAN,No formal education,4.2
28,2020,N.SEMBILAN,Primary,37.3
29,2020,N.SEMBILAN,Secondary,272.3
30,2020,N.SEMBILAN,Tertiary,160.3
31,2020,PAHANG,Total,715.9
32,2020,PAHANG,No formal education,13.3
33,2020,PAHANG,Primary,88.4
34,2020,PAHANG,Secondary,416.1
35,2020,PAHANG,Tertiary,198.2
36,2020,P.PINANG,Total,832.9
37,2020,P.PINANG,No formal education,5.3
38,2020,P.PINANG,Primary,43.6
39,2020,P.PINANG,Secondary,479.2
40,2020,P.PINANG,Tertiary,304.8
41,2020,PERAK,Total,1042.8
42,2020,PERAK,No formal education,12.1
43,2020,PERAK,Primary,110.6
44,2020,PERAK,Secondary,641.8
45,2020,PERAK,Tertiary,278.3
46,2020,PERLIS,Total,105.6
47,2020,PERLIS,No formal education,0.6
48,2020,PERLIS,Primary,8
49,2020,PERLIS,Secondary,63.2
50,2020,PERLIS,Tertiary,33.9
51,2020,SELANGOR,Total,3446.5
52,2020,SELANGOR,No formal education,19.5
53,2020,SELANGOR,Primary,178.8
54,2020,SELANGOR,Secondary,1791.5
55,2020,SELANGOR,Tertiary,1456.7
56,2020,TERENGGANU,Total,465
57,2020,TERENGGANU,No formal education,12.9
58,2020,TERENGGANU,Primary,37
59,2020,TERENGGANU,Secondary,266.4
60,2020,TERENGGANU,Tertiary,148.7
61,2020,SABAH,Total,1869.7
62,2020,SABAH,No formal education,165.5
63,2020,SABAH,Primary,467
64,2020,SABAH,Secondary,830.3
65,2020,SABAH,Tertiary,406.8
66,2020,SARAWAK,Total,1262.3
67,2020,SARAWAK,No formal education,48.3
68,2020,SARAWAK,Primary,196.6
69,2020,SARAWAK,Secondary,727.7
70,2020,SARAWAK,Tertiary,289.8
71,2020,W.P.KUALA LUMPUR,Total,874.6
72,2020,W.P.KUALA LUMPUR,No formal education,8.2
73,2020,W.P.KUALA LUMPUR,Primary,47.9
74,2020,W.P.KUALA LUMPUR,Secondary,414.3
75,2020,W.P.KUALA LUMPUR,Tertiary,404.2
76,2020,W.P.LABUAN,Total,42.8
77,2020,W.P.LABUAN,No formal education,1.8
78,2020,W.P.LABUAN,Primary,3.9
79,2020,W.P.LABUAN,Secondary,23.4
80,2020,W.P.LABUAN,Tertiary,13.7
81,2020,W.P.PUTRAJAYA,Total,36.2
82,2020,W.P.PUTRAJAYA,No formal education,0
83,2020,W.P.PUTRAJAYA,Primary,0.2
84,2020,W.P.PUTRAJAYA,Secondary,12.8
85,2020,W.P.PUTRAJAYA,Tertiary,23.2
86,2019,MALAYSIA,Total,442
87,2019,MALAYSIA,No formal education,1821.2
88,2019,MALAYSIA,Primary,8375
89,2019,MALAYSIA,Secondary,4435.2
90,2019,MALAYSIA,Tertiary,1756.1
91,2019,JOHOR,Total,24.8
92,2019,JOHOR,No formal education,218.4
93,2019,JOHOR,Primary,1092.4
94,2019,JOHOR,Secondary,420.5
95,2019,JOHOR,Tertiary,923.6
96,2019,KEDAH,Total,15.4
97,2019,KEDAH,No formal education,96.7
98,2019,KEDAH,Primary,579.7
99,2019,KEDAH,Secondary,231.9
100,2019,KEDAH,Tertiary,682.4
101,2019,KELANTAN,Total,26
102,2019,KELANTAN,No formal education,52.2
103,2019,KELANTAN,Primary,410.5
104,2019,KELANTAN,Secondary,193.6
105,2019,KELANTAN,Tertiary,428.3
106,2019,MELAKA,Total,2.8
107,2019,MELAKA,No formal education,30.3
108,2019,MELAKA,Primary,245.1
109,2019,MELAKA,Secondary,150.2
110,2019,MELAKA,Tertiary,482.5
111,2019,N.SEMBILAN,Total,4.1
112,2019,N.SEMBILAN,No formal education,38.1
113,2019,N.SEMBILAN,Primary,291.8
114,2019,N.SEMBILAN,Secondary,148.6
115,2019,N.SEMBILAN,Tertiary,719.5
116,2019,PAHANG,Total,12.4
117,2019,PAHANG,No formal education,100.2
118,2019,PAHANG,Primary,423.2
119,2019,PAHANG,Secondary,183.6
120,2019,PAHANG,Tertiary,835.6
121,2019,P.PINANG,Total,4.9
122,2019,P.PINANG,No formal education,68.3
123,2019,P.PINANG,Primary,477.4
124,2019,P.PINANG,Secondary,284.9
125,2019,P.PINANG,Tertiary,1043.7
126,2019,PERAK,Total,14
127,2019,PERAK,No formal education,116.4
128,2019,PERAK,Primary,648.1
129,2019,PERAK,Secondary,265.2
130,2019,PERAK,Tertiary,108.5
131,2019,PERLIS,Total,1.1
132,2019,PERLIS,No formal education,9.1
133,2019,PERLIS,Primary,64
134,2019,PERLIS,Secondary,34.3
135,2019,PERLIS,Tertiary,3489.5
136,2019,SELANGOR,Total,32.9
137,2019,SELANGOR,No formal education,255.8
138,2019,SELANGOR,Primary,1821.8
139,2019,SELANGOR,Secondary,1379
140,2019,SELANGOR,Tertiary,471
141,2019,TERENGGANU,Total,12.7
142,2019,TERENGGANU,No formal education,42.4
143,2019,TERENGGANU,Primary,260.8
144,2019,TERENGGANU,Secondary,155
145,2019,TERENGGANU,Tertiary,1908.6
146,2019,SABAH,Total,235.8
147,2019,SABAH,No formal education,520.8
148,2019,SABAH,Primary,837.2
149,2019,SABAH,Secondary,314.8
150,2019,SABAH,Tertiary,1304.7
151,2019,SARAWAK,Total,47.4
152,2019,SARAWAK,No formal education,224.3
153,2019,SARAWAK,Primary,743.5
154,2019,SARAWAK,Secondary,289.5
155,2019,SARAWAK,Tertiary,841
156,2019,W.P.KUALA LUMPUR,Total,5.5
157,2019,W.P.KUALA LUMPUR,No formal education,44.3
158,2019,W.P.KUALA LUMPUR,Primary,445.2
159,2019,W.P.KUALA LUMPUR,Secondary,346
160,2019,W.P.KUALA LUMPUR,Tertiary,40.3
161,2019,W.P.LABUAN,Total,2.1
162,2019,W.P.LABUAN,No formal education,3.4
163,2019,W.P.LABUAN,Primary,21.6
164,2019,W.P.LABUAN,Secondary,13.3
165,2019,W.P.LABUAN,Tertiary,38.1
166,2019,W.P.PUTRAJAYA,Total,0
167,2019,W.P.PUTRAJAYA,No formal education,0.8
168,2019,W.P.PUTRAJAYA,Primary,12.6
169,2019,W.P.PUTRAJAYA,Secondary,24.7
170,2019,W.P.PUTRAJAYA,Tertiary,14776
171,2018,MALAYSIA,Total,401.5
172,2018,MALAYSIA,No formal education,1928.5
173,2018,MALAYSIA,Primary,8216.5
174,2018,MALAYSIA,Secondary,4229.4
175,2018,MALAYSIA,Tertiary,1693.3
176,2018,JOHOR,Total,19.7
177,2018,JOHOR,No formal education,211.6
178,2018,JOHOR,Primary,1033.7
179,2018,JOHOR,Secondary,428.1
180,2018,JOHOR,Tertiary,909.2
181,2018,KEDAH,Total,16
182,2018,KEDAH,No formal education,105.5
183,2018,KEDAH,Primary,552.7
184,2018,KEDAH,Secondary,235
185,2018,KEDAH,Tertiary,683.3
186,2018,KELANTAN,Total,28.5
187,2018,KELANTAN,No formal education,57.6
188,2018,KELANTAN,Primary,403.2
189,2018,KELANTAN,Secondary,194
190,2018,KELANTAN,Tertiary,416.7
191,2018,MELAKA,Total,3.3
192,2018,MELAKA,No formal education,28.8
193,2018,MELAKA,Primary,242
194,2018,MELAKA,Secondary,142.6
195,2018,MELAKA,Tertiary,488.6
196,2018,N.SEMBILAN,Total,4.8
197,2018,N.SEMBILAN,No formal education,57.1
198,2018,N.SEMBILAN,Primary,282.9
199,2018,N.SEMBILAN,Secondary,143.9
200,2018,N.SEMBILAN,Tertiary,716.6
201,2018,PAHANG,Total,13.3
202,2018,PAHANG,No formal education,106.2
203,2018,PAHANG,Primary,427.4
204,2018,PAHANG,Secondary,169.6
205,2018,PAHANG,Tertiary,830.8
206,2018,P.PINANG,Total,13
207,2018,P.PINANG,No formal education,72.1
208,2018,P.PINANG,Primary,472.1
209,2018,P.PINANG,Secondary,273.6
210,2018,P.PINANG,Tertiary,1034.8
211,2018,PERAK,Total,8.5
212,2018,PERAK,No formal education,122.7
213,2018,PERAK,Primary,655.7
214,2018,PERAK,Secondary,247.9
215,2018,PERAK,Tertiary,104
216,2018,PERLIS,Total,1.5
217,2018,PERLIS,No formal education,9.3
218,2018,PERLIS,Primary,64.6
219,2018,PERLIS,Secondary,28.6
220,2018,PERLIS,Tertiary,3446.7
221,2018,SELANGOR,Total,25.1
222,2018,SELANGOR,No formal education,314.4
223,2018,SELANGOR,Primary,1861.7
224,2018,SELANGOR,Secondary,1245.4
225,2018,SELANGOR,Tertiary,447.8
226,2018,TERENGGANU,Total,13.5
227,2018,TERENGGANU,No formal education,41.9
228,2018,TERENGGANU,Primary,249.4
229,2018,TERENGGANU,Secondary,143
230,2018,TERENGGANU,Tertiary,1825.5
231,2018,SABAH,Total,197.5
232,2018,SABAH,No formal education,500.9
233,2018,SABAH,Primary,828.4
234,2018,SABAH,Secondary,298.6
235,2018,SABAH,Tertiary,1274.4
236,2018,SARAWAK,Total,50.6
237,2018,SARAWAK,No formal education,254.6
238,2018,SARAWAK,Primary,702.3
239,2018,SARAWAK,Secondary,266.9
240,2018,SARAWAK,Tertiary,824.4
241,2018,W.P.KUALA LUMPUR,Total,5
242,2018,W.P.KUALA LUMPUR,No formal education,41.3
243,2018,W.P.KUALA LUMPUR,Primary,403.6
244,2018,W.P.KUALA LUMPUR,Secondary,374.4
245,2018,W.P.KUALA LUMPUR,Tertiary,41.5
246,2018,W.P.LABUAN,Total,1
247,2018,W.P.LABUAN,No formal education,4
248,2018,W.P.LABUAN,Primary,23.9
249,2018,W.P.LABUAN,Secondary,12.6
250,2018,W.P.LABUAN,Tertiary,38.4
251,2018,W.P.PUTRAJAYA,Total,0
252,2018,W.P.PUTRAJAYA,No formal education,0.4
253,2018,W.P.PUTRAJAYA,Primary,12.9
254,2018,W.P.PUTRAJAYA,Secondary,25.1
255,2018,W.P.PUTRAJAYA,Tertiary,14476.8
256,2017,MALAYSIA,Total,379.7
257,2017,MALAYSIA,No formal education,1956.3
258,2017,MALAYSIA,Primary,8079.3
259,2017,MALAYSIA,Secondary,4061.5
260,2017,MALAYSIA,Tertiary,1616.7
261,2017,JOHOR,Total,16.2
262,2017,JOHOR,No formal education,214.1
263,2017,JOHOR,Primary,1004.6
264,2017,JOHOR,Secondary,381.9
265,2017,JOHOR,Tertiary,906.3
266,2017,KEDAH,Total,14.5
267,2017,KEDAH,No formal education,112.7
268,2017,KEDAH,Primary,568.4
269,2017,KEDAH,Secondary,210.7
270,2017,KEDAH,Tertiary,676
271,2017,KELANTAN,Total,29.3
272,2017,KELANTAN,No formal education,70.7
273,2017,KELANTAN,Primary,401.7
274,2017,KELANTAN,Secondary,174.4
275,2017,KELANTAN,Tertiary,406.2
276,2017,MELAKA,Total,4
277,2017,MELAKA,No formal education,30.3
278,2017,MELAKA,Primary,237.4
279,2017,MELAKA,Secondary,134.6
280,2017,MELAKA,Tertiary,477.3
281,2017,N.SEMBILAN,Total,3.2
282,2017,N.SEMBILAN,No formal education,54.7
283,2017,N.SEMBILAN,Primary,280.8
284,2017,N.SEMBILAN,Secondary,138.7
285,2017,N.SEMBILAN,Tertiary,690.2
286,2017,PAHANG,Total,14.7
287,2017,PAHANG,No formal education,105.9
288,2017,PAHANG,Primary,414.7
289,2017,PAHANG,Secondary,154.8
290,2017,PAHANG,Tertiary,823.8
291,2017,P.PINANG,Total,7.2
292,2017,P.PINANG,No formal education,77.3
293,2017,P.PINANG,Primary,475.3
294,2017,P.PINANG,Secondary,263.9
295,2017,P.PINANG,Tertiary,1013.3
296,2017,PERAK,Total,20.8
297,2017,PERAK,No formal education,133.1
298,2017,PERAK,Primary,627.5
299,2017,PERAK,Secondary,232
300,2017,PERAK,Tertiary,98.4
301,2017,PERLIS,Total,1.4
302,2017,PERLIS,No formal education,7.5
303,2017,PERLIS,Primary,59.1
304,2017,PERLIS,Secondary,30.3
305,2017,PERLIS,Tertiary,3359.4
306,2017,SELANGOR,Total,34.1
307,2017,SELANGOR,No formal education,285.5
308,2017,SELANGOR,Primary,1754
309,2017,SELANGOR,Secondary,1285.7
310,2017,SELANGOR,Tertiary,438.3
311,2017,TERENGGANU,Total,11.3
312,2017,TERENGGANU,No formal education,41.6
313,2017,TERENGGANU,Primary,249.6
314,2017,TERENGGANU,Secondary,135.7
315,2017,TERENGGANU,Tertiary,1796.3
316,2017,SABAH,Total,167.4
317,2017,SABAH,No formal education,539.2
318,2017,SABAH,Primary,791.1
319,2017,SABAH,Secondary,298.7
320,2017,SABAH,Tertiary,1253.7
321,2017,SARAWAK,Total,49.3
322,2017,SARAWAK,No formal education,227.8
323,2017,SARAWAK,Primary,724.9
324,2017,SARAWAK,Secondary,251.7
325,2017,SARAWAK,Tertiary,844.3
326,2017,W.P.KUALA LUMPUR,Total,5.3
327,2017,W.P.KUALA LUMPUR,No formal education,50.9
328,2017,W.P.KUALA LUMPUR,Primary,455.4
329,2017,W.P.KUALA LUMPUR,Secondary,332.7
330,2017,W.P.KUALA LUMPUR,Tertiary,38.5
331,2017,W.P.LABUAN,Total,1.2
332,2017,W.P.LABUAN,No formal education,3.9
333,2017,W.P.LABUAN,Primary,22.8
334,2017,W.P.LABUAN,Secondary,10.5
335,2017,W.P.LABUAN,Tertiary,38
336,2017,W.P.PUTRAJAYA,Total,-
337,2017,W.P.PUTRAJAYA,No formal education,0.9
338,2017,W.P.PUTRAJAYA,Primary,11.8
339,2017,W.P.PUTRAJAYA,Secondary,25.3
340,2017,W.P.PUTRAJAYA,Tertiary,14163.7
341,2016,MALAYSIA,Total,377.4
342,2016,MALAYSIA,No formal education,2078.6
343,2016,MALAYSIA,Primary,7812.2
344,2016,MALAYSIA,Secondary,3895.6
345,2016,MALAYSIA,Tertiary,1580.6
346,2016,JOHOR,Total,20.1
347,2016,JOHOR,No formal education,210.7
348,2016,JOHOR,Primary,1011.5
349,2016,JOHOR,Secondary,338.4
350,2016,JOHOR,Tertiary,884.3
351,2016,KEDAH,Total,22.9
352,2016,KEDAH,No formal education,124.8
353,2016,KEDAH,Primary,531
354,2016,KEDAH,Secondary,205.6
355,2016,KEDAH,Tertiary,632.9
356,2016,KELANTAN,Total,34.3
357,2016,KELANTAN,No formal education,62.9
358,2016,KELANTAN,Primary,365
359,2016,KELANTAN,Secondary,170.8
360,2016,KELANTAN,Tertiary,397.3
361,2016,MELAKA,Total,3.6
362,2016,MELAKA,No formal education,34.8
363,2016,MELAKA,Primary,243.2
364,2016,MELAKA,Secondary,115.6
365,2016,MELAKA,Tertiary,466.9
366,2016,N.SEMBILAN,Total,4.1
367,2016,N.SEMBILAN,No formal education,77.3
368,2016,N.SEMBILAN,Primary,260.5
369,2016,N.SEMBILAN,Secondary,125.1
370,2016,N.SEMBILAN,Tertiary,692.2
371,2016,PAHANG,Total,18.1
372,2016,PAHANG,No formal education,111.3
373,2016,PAHANG,Primary,397.2
374,2016,PAHANG,Secondary,165.6
375,2016,PAHANG,Tertiary,827.4
376,2016,P.PINANG,Total,5.7
377,2016,P.PINANG,No formal education,70.3
378,2016,P.PINANG,Primary,484.9
379,2016,P.PINANG,Secondary,266.5
380,2016,P.PINANG,Tertiary,988.2
381,2016,PERAK,Total,11.2
382,2016,PERAK,No formal education,128.5
383,2016,PERAK,Primary,621.2
384,2016,PERAK,Secondary,227.4
385,2016,PERAK,Tertiary,100.1
386,2016,PERLIS,Total,1.7
387,2016,PERLIS,No formal education,10.1
388,2016,PERLIS,Primary,62.1
389,2016,PERLIS,Secondary,26.3
390,2016,PERLIS,Tertiary,3217.6
391,2016,SELANGOR,Total,28.2
392,2016,SELANGOR,No formal education,286.2
393,2016,SELANGOR,Primary,1695.6
394,2016,SELANGOR,Secondary,1207.7
395,2016,SELANGOR,Tertiary,428.5
396,2016,TERENGGANU,Total,9.6
397,2016,TERENGGANU,No formal education,49
398,2016,TERENGGANU,Primary,243
399,2016,TERENGGANU,Secondary,127
400,2016,TERENGGANU,Tertiary,1823.7
401,2016,SABAH,Total,155.7
402,2016,SABAH,No formal education,600
403,2016,SABAH,Primary,781.7
404,2016,SABAH,Secondary,286.3
405,2016,SABAH,Tertiary,1218.2
406,2016,SARAWAK,Total,58.8
407,2016,SARAWAK,No formal education,257.3
408,2016,SARAWAK,Primary,658.9
409,2016,SARAWAK,Secondary,243.3
410,2016,SARAWAK,Tertiary,827.2
411,2016,W.P.KUALA LUMPUR,Total,2.4
412,2016,W.P.KUALA LUMPUR,No formal education,50.3
413,2016,W.P.KUALA LUMPUR,Primary,422.4
414,2016,W.P.KUALA LUMPUR,Secondary,352.1
415,2016,W.P.KUALA LUMPUR,Tertiary,40.2
416,2016,W.P.LABUAN,Total,1.2
417,2016,W.P.LABUAN,No formal education,4.3
418,2016,W.P.LABUAN,Primary,22.4
419,2016,W.P.LABUAN,Secondary,12.2
420,2016,W.P.LABUAN,Tertiary,38.2
421,2016,W.P.PUTRAJAYA,Total,-
422,2016,W.P.PUTRAJAYA,No formal education,0.7
423,2016,W.P.PUTRAJAYA,Primary,11.6
424,2016,W.P.PUTRAJAYA,Secondary,25.9
425,2016,W.P.PUTRAJAYA,Tertiary,14067.7
426,2015,MALAYSIA,Total,431.7
427,2015,MALAYSIA,No formal education,2195.8
428,2015,MALAYSIA,Primary,7587
429,2015,MALAYSIA,Secondary,3853.3
430,2015,MALAYSIA,Tertiary,1582.6
431,2015,JOHOR,Total,25.2
432,2015,JOHOR,No formal education,217.8
433,2015,JOHOR,Primary,990.8
434,2015,JOHOR,Secondary,348.9
435,2015,JOHOR,Tertiary,881.6
436,2015,KEDAH,Total,27.3
437,2015,KEDAH,No formal education,125.5
438,2015,KEDAH,Primary,526.9
439,2015,KEDAH,Secondary,201.8
440,2015,KEDAH,Tertiary,652.1
441,2015,KELANTAN,Total,33
442,2015,KELANTAN,No formal education,74.1
443,2015,KELANTAN,Primary,373.1
444,2015,KELANTAN,Secondary,171.9
445,2015,KELANTAN,Tertiary,398.3
446,2015,MELAKA,Total,4.7
447,2015,MELAKA,No formal education,36.7
448,2015,MELAKA,Primary,240.7
449,2015,MELAKA,Secondary,116.3
450,2015,MELAKA,Tertiary,468.7
451,2015,N.SEMBILAN,Total,6.4
452,2015,N.SEMBILAN,No formal education,77.4
453,2015,N.SEMBILAN,Primary,269.4
454,2015,N.SEMBILAN,Secondary,115.5
455,2015,N.SEMBILAN,Tertiary,697.5
456,2015,PAHANG,Total,19.6
457,2015,PAHANG,No formal education,129.2
458,2015,PAHANG,Primary,395.8
459,2015,PAHANG,Secondary,153
460,2015,PAHANG,Tertiary,834.2
461,2015,P.PINANG,Total,6.4
462,2015,P.PINANG,No formal education,84.5
463,2015,P.PINANG,Primary,491.2
464,2015,P.PINANG,Secondary,252.1
465,2015,P.PINANG,Tertiary,981.8
466,2015,PERAK,Total,19.2
467,2015,PERAK,No formal education,140
468,2015,PERAK,Primary,609.3
469,2015,PERAK,Secondary,213.2
470,2015,PERAK,Tertiary,98.2
471,2015,PERLIS,Total,1.1
472,2015,PERLIS,No formal education,9.6
473,2015,PERLIS,Primary,62.2
474,2015,PERLIS,Secondary,25.2
475,2015,PERLIS,Tertiary,3135
476,2015,SELANGOR,Total,26.8
477,2015,SELANGOR,No formal education,361.3
478,2015,SELANGOR,Primary,1525.9
479,2015,SELANGOR,Secondary,1220.9
480,2015,SELANGOR,Tertiary,420.5
481,2015,TERENGGANU,Total,11.7
482,2015,TERENGGANU,No formal education,53
483,2015,TERENGGANU,Primary,242.6
484,2015,TERENGGANU,Secondary,113.2
485,2015,TERENGGANU,Tertiary,1771.1
486,2015,SABAH,Total,180.1
487,2015,SABAH,No formal education,549.4
488,2015,SABAH,Primary,751.2
489,2015,SABAH,Secondary,290.4
490,2015,SABAH,Tertiary,1214.8
491,2015,SARAWAK,Total,65.3
492,2015,SARAWAK,No formal education,274.7
493,2015,SARAWAK,Primary,630.7
494,2015,SARAWAK,Secondary,244
495,2015,SARAWAK,Tertiary,853.4
496,2015,W.P.KUALA LUMPUR,Total,3
497,2015,W.P.KUALA LUMPUR,No formal education,57.9
498,2015,W.P.KUALA LUMPUR,Primary,441.9
499,2015,W.P.KUALA LUMPUR,Secondary,350.7
500,2015,W.P.KUALA LUMPUR,Tertiary,39.5
501,2015,W.P.LABUAN,Total,1.6
502,2015,W.P.LABUAN,No formal education,4.2
503,2015,W.P.LABUAN,Primary,23.3
504,2015,W.P.LABUAN,Secondary,10.3
505,2015,W.P.LABUAN,Tertiary,38.5
506,2015,W.P.PUTRAJAYA,Total,0.1
507,2015,W.P.PUTRAJAYA,No formal education,0.5
508,2015,W.P.PUTRAJAYA,Primary,11.9
509,2015,W.P.PUTRAJAYA,Secondary,25.9
510,2015,W.P.PUTRAJAYA,Tertiary,13852.6
511,2014,MALAYSIA,Total,383.8
512,2014,MALAYSIA,No formal education,2236.2
513,2014,MALAYSIA,Primary,7654.2
514,2014,MALAYSIA,Secondary,3578.4
515,2014,MALAYSIA,Tertiary,1579.7
516,2014,JOHOR,Total,15.8
517,2014,JOHOR,No formal education,229.6
518,2014,JOHOR,Primary,1004.4
519,2014,JOHOR,Secondary,329.9
520,2014,JOHOR,Tertiary,859.8
521,2014,KEDAH,Total,18.8
522,2014,KEDAH,No formal education,131.6
523,2014,KEDAH,Primary,513.1
524,2014,KEDAH,Secondary,196.3
525,2014,KEDAH,Tertiary,625.2
526,2014,KELANTAN,Total,27.3
527,2014,KELANTAN,No formal education,83.5
528,2014,KELANTAN,Primary,364.9
529,2014,KELANTAN,Secondary,149.5
530,2014,KELANTAN,Tertiary,394.9
531,2014,MELAKA,Total,2.5
532,2014,MELAKA,No formal education,44
533,2014,MELAKA,Primary,243
534,2014,MELAKA,Secondary,105.5
535,2014,MELAKA,Tertiary,466.5
536,2014,N.SEMBILAN,Total,6.4
537,2014,N.SEMBILAN,No formal education,81.4
538,2014,N.SEMBILAN,Primary,259.9
539,2014,N.SEMBILAN,Secondary,118.7
540,2014,N.SEMBILAN,Tertiary,683.2
541,2014,PAHANG,Total,14.5
542,2014,PAHANG,No formal education,137.8
543,2014,PAHANG,Primary,387.5
544,2014,PAHANG,Secondary,143.3
545,2014,PAHANG,Tertiary,839.2
546,2014,P.PINANG,Total,7.9
547,2014,P.PINANG,No formal education,85.3
548,2014,P.PINANG,Primary,509.2
549,2014,P.PINANG,Secondary,236.8
550,2014,P.PINANG,Tertiary,954.1
551,2014,PERAK,Total,11.8
552,2014,PERAK,No formal education,137.6
553,2014,PERAK,Primary,611.4
554,2014,PERAK,Secondary,193.3
555,2014,PERAK,Tertiary,95.2
556,2014,PERLIS,Total,1.4
557,2014,PERLIS,No formal education,11.6
558,2014,PERLIS,Primary,58.2
559,2014,PERLIS,Secondary,23.9
560,2014,PERLIS,Tertiary,3033.6
561,2014,SELANGOR,Total,21.7
562,2014,SELANGOR,No formal education,328.2
563,2014,SELANGOR,Primary,1588.3
564,2014,SELANGOR,Secondary,1095.5
565,2014,SELANGOR,Tertiary,414.9
566,2014,TERENGGANU,Total,14.4
567,2014,TERENGGANU,No formal education,57.6
568,2014,TERENGGANU,Primary,233.8
569,2014,TERENGGANU,Secondary,109.1
570,2014,TERENGGANU,Tertiary,1740.9
571,2014,SABAH,Total,159
572,2014,SABAH,No formal education,565.9
573,2014,SABAH,Primary,739.4
574,2014,SABAH,Secondary,276.6
575,2014,SABAH,Tertiary,1232.2
576,2014,SARAWAK,Total,72.8
577,2014,SARAWAK,No formal education,267.9
578,2014,SARAWAK,Primary,665.1
579,2014,SARAWAK,Secondary,226.4
580,2014,SARAWAK,Tertiary,852
581,2014,W.P.KUALA LUMPUR,Total,7.9
582,2014,W.P.KUALA LUMPUR,No formal education,67.7
583,2014,W.P.KUALA LUMPUR,Primary,437.7
584,2014,W.P.KUALA LUMPUR,Secondary,338.7
585,2014,W.P.KUALA LUMPUR,Tertiary,40.8
586,2014,W.P.LABUAN,Total,1.5
587,2014,W.P.LABUAN,No formal education,5.7
588,2014,W.P.LABUAN,Primary,23.8
589,2014,W.P.LABUAN,Secondary,9.8
590,2014,W.P.LABUAN,Tertiary,40.3
591,2014,W.P.PUTRAJAYA,Total,-
592,2014,W.P.PUTRAJAYA,No formal education,0.7
593,2014,W.P.PUTRAJAYA,Primary,14.5
594,2014,W.P.PUTRAJAYA,Secondary,25.1
595,2014,W.P.PUTRAJAYA,Tertiary,13545.4
596,2013,MALAYSIA,Total,417.4
597,2013,MALAYSIA,No formal education,2346.8
598,2013,MALAYSIA,Primary,7534.6
599,2013,MALAYSIA,Secondary,3246.6
600,2013,MALAYSIA,Tertiary,1553.4
601,2013,JOHOR,Total,19.1
602,2013,JOHOR,No formal education,228.8
603,2013,JOHOR,Primary,1012.4
604,2013,JOHOR,Secondary,293
605,2013,JOHOR,Tertiary,842.3
606,2013,KEDAH,Total,21.8
607,2013,KEDAH,No formal education,158.2
608,2013,KEDAH,Primary,500.2
609,2013,KEDAH,Secondary,162.1
610,2013,KEDAH,Tertiary,602.7
611,2013,KELANTAN,Total,31.5
612,2013,KELANTAN,No formal education,83.2
613,2013,KELANTAN,Primary,358.1
614,2013,KELANTAN,Secondary,130
615,2013,KELANTAN,Tertiary,375.5
616,2013,MELAKA,Total,3.8
617,2013,MELAKA,No formal education,48.7
618,2013,MELAKA,Primary,233.5
619,2013,MELAKA,Secondary,89.4
620,2013,MELAKA,Tertiary,464.1
621,2013,N.SEMBILAN,Total,9.3
622,2013,N.SEMBILAN,No formal education,86.7
623,2013,N.SEMBILAN,Primary,260.2
624,2013,N.SEMBILAN,Secondary,107.9
625,2013,N.SEMBILAN,Tertiary,659.8
626,2013,PAHANG,Total,17.8
627,2013,PAHANG,No formal education,139.2
628,2013,PAHANG,Primary,371.1
629,2013,PAHANG,Secondary,131.7
630,2013,PAHANG,Tertiary,811.9
631,2013,P.PINANG,Total,9.3
632,2013,P.PINANG,No formal education,111.3
633,2013,P.PINANG,Primary,483
634,2013,P.PINANG,Secondary,208.3
635,2013,P.PINANG,Tertiary,947.8
636,2013,PERAK,Total,15.9
637,2013,PERAK,No formal education,165.5
638,2013,PERAK,Primary,595.4
639,2013,PERAK,Secondary,171.1
640,2013,PERAK,Tertiary,94.3
641,2013,PERLIS,Total,2.3
642,2013,PERLIS,No formal education,12.3
643,2013,PERLIS,Primary,60.5
644,2013,PERLIS,Secondary,19.3
645,2013,PERLIS,Tertiary,2933.3
646,2013,SELANGOR,Total,22.4
647,2013,SELANGOR,No formal education,332.4
648,2013,SELANGOR,Primary,1533.9
649,2013,SELANGOR,Secondary,1044.6
650,2013,SELANGOR,Tertiary,407
651,2013,TERENGGANU,Total,11
652,2013,TERENGGANU,No formal education,72.2
653,2013,TERENGGANU,Primary,230.5
654,2013,TERENGGANU,Secondary,93.4
655,2013,TERENGGANU,Tertiary,1706
656,2013,SABAH,Total,159.2
657,2013,SABAH,No formal education,536.7
658,2013,SABAH,Primary,759.5
659,2013,SABAH,Secondary,250.6
660,2013,SABAH,Tertiary,1188.5
661,2013,SARAWAK,Total,84.5
662,2013,SARAWAK,No formal education,290.7
663,2013,SARAWAK,Primary,612.8
664,2013,SARAWAK,Secondary,200.5
665,2013,SARAWAK,Tertiary,877.8
666,2013,W.P.KUALA LUMPUR,Total,8
667,2013,W.P.KUALA LUMPUR,No formal education,74.3
668,2013,W.P.KUALA LUMPUR,Primary,489.5
669,2013,W.P.KUALA LUMPUR,Secondary,306
670,2013,W.P.KUALA LUMPUR,Tertiary,40.1
671,2013,W.P.LABUAN,Total,1.3
672,2013,W.P.LABUAN,No formal education,5.2
673,2013,W.P.LABUAN,Primary,21.3
674,2013,W.P.LABUAN,Secondary,12.4
675,2013,W.P.LABUAN,Tertiary,40.7
676,2013,W.P.PUTRAJAYA,Total,0.1
677,2013,W.P.PUTRAJAYA,No formal education,1.5
678,2013,W.P.PUTRAJAYA,Primary,12.8
679,2013,W.P.PUTRAJAYA,Secondary,26.3
680,2013,W.P.PUTRAJAYA,Tertiary,12820.5
681,2012,MALAYSIA,Total,399.7
682,2012,MALAYSIA,No formal education,2206.4
683,2012,MALAYSIA,Primary,7128.1
684,2012,MALAYSIA,Secondary,3086.3
685,2012,MALAYSIA,Tertiary,1481.5
686,2012,JOHOR,Total,18.4
687,2012,JOHOR,No formal education,214.6
688,2012,JOHOR,Primary,972.5
689,2012,JOHOR,Secondary,275.9
690,2012,JOHOR,Tertiary,786.9
691,2012,KEDAH,Total,21.8
692,2012,KEDAH,No formal education,150.7
693,2012,KEDAH,Primary,473
694,2012,KEDAH,Secondary,141.4
695,2012,KEDAH,Tertiary,578.7
696,2012,KELANTAN,Total,32.3
697,2012,KELANTAN,No formal education,102.5
698,2012,KELANTAN,Primary,316.9
699,2012,KELANTAN,Secondary,127
700,2012,KELANTAN,Tertiary,357
701,2012,MELAKA,Total,4.3
702,2012,MELAKA,No formal education,48.1
703,2012,MELAKA,Primary,216.9
704,2012,MELAKA,Secondary,87.7
705,2012,MELAKA,Tertiary,442.1
706,2012,N.SEMBILAN,Total,8.6
707,2012,N.SEMBILAN,No formal education,78.8
708,2012,N.SEMBILAN,Primary,260.4
709,2012,N.SEMBILAN,Secondary,94.3
710,2012,N.SEMBILAN,Tertiary,633.1
711,2012,PAHANG,Total,15.1
712,2012,PAHANG,No formal education,125.2
713,2012,PAHANG,Primary,368.2
714,2012,PAHANG,Secondary,124.6
715,2012,PAHANG,Tertiary,779.8
716,2012,P.PINANG,Total,8.3
717,2012,P.PINANG,No formal education,104.3
718,2012,P.PINANG,Primary,458.6
719,2012,P.PINANG,Secondary,208.6
720,2012,P.PINANG,Tertiary,927.1
721,2012,PERAK,Total,13.4
722,2012,PERAK,No formal education,167.8
723,2012,PERAK,Primary,578.4
724,2012,PERAK,Secondary,167.5
725,2012,PERAK,Tertiary,87.1
726,2012,PERLIS,Total,2.2
727,2012,PERLIS,No formal education,12.4
728,2012,PERLIS,Primary,54.2
729,2012,PERLIS,Secondary,18.3
730,2012,PERLIS,Tertiary,2776.1
731,2012,SELANGOR,Total,28.8
732,2012,SELANGOR,No formal education,315.6
733,2012,SELANGOR,Primary,1443.8
734,2012,SELANGOR,Secondary,987.9
735,2012,SELANGOR,Tertiary,389.6
736,2012,TERENGGANU,Total,11.8
737,2012,TERENGGANU,No formal education,60.7
738,2012,TERENGGANU,Primary,223.3
739,2012,TERENGGANU,Secondary,93.9
740,2012,TERENGGANU,Tertiary,1537.4
741,2012,SABAH,Total,141
742,2012,SABAH,No formal education,470
743,2012,SABAH,Primary,701.2
744,2012,SABAH,Secondary,225.2
745,2012,SABAH,Tertiary,1143.9
746,2012,SARAWAK,Total,84.6
747,2012,SARAWAK,No formal education,268.3
748,2012,SARAWAK,Primary,583.5
749,2012,SARAWAK,Secondary,207.5
750,2012,SARAWAK,Tertiary,820.4
751,2012,W.P.KUALA LUMPUR,Total,7.7
752,2012,W.P.KUALA LUMPUR,No formal education,80.7
753,2012,W.P.KUALA LUMPUR,Primary,443.4
754,2012,W.P.KUALA LUMPUR,Secondary,288.6
755,2012,W.P.KUALA LUMPUR,Tertiary,39.4
756,2012,W.P.LABUAN,Total,1.5
757,2012,W.P.LABUAN,No formal education,5.4
758,2012,W.P.LABUAN,Primary,20.6
759,2012,W.P.LABUAN,Secondary,11.9
760,2012,W.P.LABUAN,Tertiary,40.3
761,2012,W.P.PUTRAJAYA,Total,-
762,2012,W.P.PUTRAJAYA,No formal education,1.4
763,2012,W.P.PUTRAJAYA,Primary,13.1
764,2012,W.P.PUTRAJAYA,Secondary,25.9
765,2012,W.P.PUTRAJAYA,Tertiary,12351.5
766,2011,MALAYSIA,Total,401.3
767,2011,MALAYSIA,No formal education,2129.8
768,2011,MALAYSIA,Primary,6833.3
769,2011,MALAYSIA,Secondary,2987.1
770,2011,MALAYSIA,Tertiary,1461.9
771,2011,JOHOR,Total,16.1
772,2011,JOHOR,No formal education,235.5
773,2011,JOHOR,Primary,941.4
774,2011,JOHOR,Secondary,268.9
775,2011,JOHOR,Tertiary,743.4
776,2011,KEDAH,Total,15
777,2011,KEDAH,No formal education,135.7
778,2011,KEDAH,Primary,437.2
779,2011,KEDAH,Secondary,155.4
780,2011,KEDAH,Tertiary,544.6
781,2011,KELANTAN,Total,29.3
782,2011,KELANTAN,No formal education,88.4
783,2011,KELANTAN,Primary,299.6
784,2011,KELANTAN,Secondary,127.2
785,2011,KELANTAN,Tertiary,340.8
786,2011,MELAKA,Total,4.2
787,2011,MELAKA,No formal education,43
788,2011,MELAKA,Primary,210.4
789,2011,MELAKA,Secondary,83.2
790,2011,MELAKA,Tertiary,416.1
791,2011,N.SEMBILAN,Total,7.7
792,2011,N.SEMBILAN,No formal education,69.4
793,2011,N.SEMBILAN,Primary,245.3
794,2011,N.SEMBILAN,Secondary,93.7
795,2011,N.SEMBILAN,Tertiary,608.4
796,2011,PAHANG,Total,14.8
797,2011,PAHANG,No formal education,116.2
798,2011,PAHANG,Primary,363
799,2011,PAHANG,Secondary,114.3
800,2011,PAHANG,Tertiary,772.8
801,2011,P.PINANG,Total,9.2
802,2011,P.PINANG,No formal education,99.6
803,2011,P.PINANG,Primary,457.8
804,2011,P.PINANG,Secondary,206.1
805,2011,P.PINANG,Tertiary,919.7
806,2011,PERAK,Total,16.7
807,2011,PERAK,No formal education,162.7
808,2011,PERAK,Primary,566.2
809,2011,PERAK,Secondary,174
810,2011,PERAK,Tertiary,83.3
811,2011,PERLIS,Total,2.2
812,2011,PERLIS,No formal education,12.8
813,2011,PERLIS,Primary,49.2
814,2011,PERLIS,Secondary,19.1
815,2011,PERLIS,Tertiary,2645.2
816,2011,SELANGOR,Total,35.9
817,2011,SELANGOR,No formal education,322.5
818,2011,SELANGOR,Primary,1374.2
819,2011,SELANGOR,Secondary,912.6
820,2011,SELANGOR,Tertiary,390.3
821,2011,TERENGGANU,Total,14.4
822,2011,TERENGGANU,No formal education,63.6
823,2011,TERENGGANU,Primary,214.1
824,2011,TERENGGANU,Secondary,98.1
825,2011,TERENGGANU,Tertiary,1474.4
826,2011,SABAH,Total,155.7
827,2011,SABAH,No formal education,450.8
828,2011,SABAH,Primary,636.8
829,2011,SABAH,Secondary,231
830,2011,SABAH,Tertiary,1058.1
831,2011,SARAWAK,Total,71.6
832,2011,SARAWAK,No formal education,235.2
833,2011,SARAWAK,Primary,567.6
834,2011,SARAWAK,Secondary,183.7
835,2011,SARAWAK,Tertiary,812.5
836,2011,W.P.KUALA LUMPUR,Total,6.9
837,2011,W.P.KUALA LUMPUR,No formal education,87
838,2011,W.P.KUALA LUMPUR,Primary,436.7
839,2011,W.P.KUALA LUMPUR,Secondary,281.9
840,2011,W.P.KUALA LUMPUR,Tertiary,38.6
841,2011,W.P.LABUAN,Total,1.5
842,2011,W.P.LABUAN,No formal education,5.5
843,2011,W.P.LABUAN,Primary,20.6
844,2011,W.P.LABUAN,Secondary,11
845,2011,W.P.LABUAN,Tertiary,41.4
846,2011,W.P.PUTRAJAYA,Total,0
847,2011,W.P.PUTRAJAYA,No formal education,1.7
848,2011,W.P.PUTRAJAYA,Primary,13.2
849,2011,W.P.PUTRAJAYA,Secondary,26.6
850,2011,W.P.PUTRAJAYA,Tertiary,11899.5
851,2010,MALAYSIA,Total,436.1
852,2010,MALAYSIA,No formal education,2125.1
853,2010,MALAYSIA,Primary,6549.6
854,2010,MALAYSIA,Secondary,2788.6
855,2010,MALAYSIA,Tertiary,1418.8
856,2010,JOHOR,Total,19.5
857,2010,JOHOR,No formal education,243.7
858,2010,JOHOR,Primary,910.2
859,2010,JOHOR,Secondary,245.4
860,2010,JOHOR,Tertiary,725.7
861,2010,KEDAH,Total,15.3
862,2010,KEDAH,No formal education,132.8
863,2010,KEDAH,Primary,432.8
864,2010,KEDAH,Secondary,144.7
865,2010,KEDAH,Tertiary,534.2
866,2010,KELANTAN,Total,32.1
867,2010,KELANTAN,No formal education,97.7
868,2010,KELANTAN,Primary,290.4
869,2010,KELANTAN,Secondary,114
870,2010,KELANTAN,Tertiary,335.1
871,2010,MELAKA,Total,4.9
872,2010,MELAKA,No formal education,47.1
873,2010,MELAKA,Primary,205.8
874,2010,MELAKA,Secondary,77.3
875,2010,MELAKA,Tertiary,405.4
876,2010,N.SEMBILAN,Total,7.1
877,2010,N.SEMBILAN,No formal education,76
878,2010,N.SEMBILAN,Primary,230.1
879,2010,N.SEMBILAN,Secondary,92.1
880,2010,N.SEMBILAN,Tertiary,591
881,2010,PAHANG,Total,17.4
882,2010,PAHANG,No formal education,123.4
883,2010,PAHANG,Primary,341.9
884,2010,PAHANG,Secondary,108.3
885,2010,PAHANG,Tertiary,742.3
886,2010,P.PINANG,Total,9.2
887,2010,P.PINANG,No formal education,98.9
888,2010,P.PINANG,Primary,440.3
889,2010,P.PINANG,Secondary,193.9
890,2010,P.PINANG,Tertiary,878.7
891,2010,PERAK,Total,22.1
892,2010,PERAK,No formal education,156.9
893,2010,PERAK,Primary,543.2
894,2010,PERAK,Secondary,156.5
895,2010,PERAK,Tertiary,80.9
896,2010,PERLIS,Total,3.2
897,2010,PERLIS,No formal education,11.6
898,2010,PERLIS,Primary,47.6
899,2010,PERLIS,Secondary,18.5
900,2010,PERLIS,Tertiary,2551.1
901,2010,SELANGOR,Total,45.3
902,2010,SELANGOR,No formal education,287
903,2010,SELANGOR,Primary,1329.5
904,2010,SELANGOR,Secondary,889.3
905,2010,SELANGOR,Tertiary,366.6
906,2010,TERENGGANU,Total,10.5
907,2010,TERENGGANU,No formal education,65.2
908,2010,TERENGGANU,Primary,205.8
909,2010,TERENGGANU,Secondary,85.1
910,2010,TERENGGANU,Tertiary,1398.6
911,2010,SABAH,Total,151
912,2010,SABAH,No formal education,454.2
913,2010,SABAH,Primary,596.7
914,2010,SABAH,Secondary,196.6
915,2010,SABAH,Tertiary,1045.6
916,2010,SARAWAK,Total,90.6
917,2010,SARAWAK,No formal education,255.6
918,2010,SARAWAK,Primary,529.4
919,2010,SARAWAK,Secondary,170
920,2010,SARAWAK,Tertiary,788
921,2010,W.P.KUALA LUMPUR,Total,7
922,2010,W.P.KUALA LUMPUR,No formal education,69.8
923,2010,W.P.KUALA LUMPUR,Primary,424.2
924,2010,W.P.KUALA LUMPUR,Secondary,287
925,2010,W.P.KUALA LUMPUR,Tertiary,37.6
926,2010,W.P.LABUAN,Total,0.9
927,2010,W.P.LABUAN,No formal education,5.2
928,2010,W.P.LABUAN,Primary,21.6
929,2010,W.P.LABUAN,Secondary,9.8
930,2010,W.P.LABUAN,Tertiary,10897.3
931,2009,MALAYSIA,Total,426
932,2009,MALAYSIA,No formal education,1922.2
933,2009,MALAYSIA,Primary,6008.1
934,2009,MALAYSIA,Secondary,2541
935,2009,MALAYSIA,Tertiary,1306.3
936,2009,JOHOR,Total,30.9
937,2009,JOHOR,No formal education,218.6
938,2009,JOHOR,Primary,807.6
939,2009,JOHOR,Secondary,249.1
940,2009,JOHOR,Tertiary,701.5
941,2009,KEDAH,Total,19.7
942,2009,KEDAH,No formal education,127.9
943,2009,KEDAH,Primary,405.4
944,2009,KEDAH,Secondary,148.5
945,2009,KEDAH,Tertiary,505.2
946,2009,KELANTAN,Total,31.3
947,2009,KELANTAN,No formal education,82.9
948,2009,KELANTAN,Primary,281.6
949,2009,KELANTAN,Secondary,109.4
950,2009,KELANTAN,Tertiary,284
951,2009,MELAKA,Total,6.3
952,2009,MELAKA,No formal education,37.4
953,2009,MELAKA,Primary,171.6
954,2009,MELAKA,Secondary,68.7
955,2009,MELAKA,Tertiary,386.5
956,2009,N.SEMBILAN,Total,6.8
957,2009,N.SEMBILAN,No formal education,74.7
958,2009,N.SEMBILAN,Primary,219
959,2009,N.SEMBILAN,Secondary,86
960,2009,N.SEMBILAN,Tertiary,603.7
961,2009,PAHANG,Total,23.9
962,2009,PAHANG,No formal education,137.6
963,2009,PAHANG,Primary,335.3
964,2009,PAHANG,Secondary,106.9
965,2009,PAHANG,Tertiary,689.8
966,2009,P.PINANG,Total,11
967,2009,P.PINANG,No formal education,93.2
968,2009,P.PINANG,Primary,405.3
969,2009,P.PINANG,Secondary,180.2
970,2009,P.PINANG,Tertiary,891.6
971,2009,PERAK,Total,26.8
972,2009,PERAK,No formal education,157.4
973,2009,PERAK,Primary,550.7
974,2009,PERAK,Secondary,156.6
975,2009,PERAK,Tertiary,81.5
976,2009,PERLIS,Total,2.6
977,2009,PERLIS,No formal education,11.3
978,2009,PERLIS,Primary,48.9
979,2009,PERLIS,Secondary,18.8
980,2009,PERLIS,Tertiary,2095.3
981,2009,SELANGOR,Total,36.5
982,2009,SELANGOR,No formal education,232.1
983,2009,SELANGOR,Primary,1109.8
984,2009,SELANGOR,Secondary,716.9
985,2009,SELANGOR,Tertiary,390.3
986,2009,TERENGGANU,Total,13.9
987,2009,TERENGGANU,No formal education,69.2
988,2009,TERENGGANU,Primary,215.5
989,2009,TERENGGANU,Secondary,91.7
990,2009,TERENGGANU,Tertiary,1270.6
991,2009,SABAH,Total,128.1
992,2009,SABAH,No formal education,368.5
993,2009,SABAH,Primary,574.8
994,2009,SABAH,Secondary,199.2
995,2009,SABAH,Tertiary,977.5
996,2009,SARAWAK,Total,80.5
997,2009,SARAWAK,No formal education,238.8
998,2009,SARAWAK,Primary,494.2
999,2009,SARAWAK,Secondary,164
1000,2009,SARAWAK,Tertiary,678.1
1001,2009,W.P.KUALA LUMPUR,Total,5.1
1002,2009,W.P.KUALA LUMPUR,No formal education,66.6
1003,2009,W.P.KUALA LUMPUR,Primary,369.1
1004,2009,W.P.KUALA LUMPUR,Secondary,237.3
1005,2009,W.P.KUALA LUMPUR,Tertiary,35.5
1006,2009,W.P.LABUAN,Total,2.5
1007,2009,W.P.LABUAN,No formal education,6
1008,2009,W.P.LABUAN,Primary,19.3
1009,2009,W.P.LABUAN,Secondary,7.7
1010,2009,W.P.LABUAN,Tertiary,10659.6
1011,2008,MALAYSIA,Total,474.7
1012,2008,MALAYSIA,No formal education,1978.4
1013,2008,MALAYSIA,Primary,5961.8
1014,2008,MALAYSIA,Secondary,2244.7
1015,2008,MALAYSIA,Tertiary,1283.8
1016,2008,JOHOR,Total,35.7
1017,2008,JOHOR,No formal education,242.5
1018,2008,JOHOR,Primary,777.2
1019,2008,JOHOR,Secondary,228.3
1020,2008,JOHOR,Tertiary,676
1021,2008,KEDAH,Total,24.3
1022,2008,KEDAH,No formal education,135.7
1023,2008,KEDAH,Primary,385.5
1024,2008,KEDAH,Secondary,130.5
1025,2008,KEDAH,Tertiary,486.4
1026,2008,KELANTAN,Total,32.7
1027,2008,KELANTAN,No formal education,85.7
1028,2008,KELANTAN,Primary,259.2
1029,2008,KELANTAN,Secondary,108.8
1030,2008,KELANTAN,Tertiary,286.8
1031,2008,MELAKA,Total,4.4
1032,2008,MELAKA,No formal education,41.7
1033,2008,MELAKA,Primary,173.7
1034,2008,MELAKA,Secondary,67.1
1035,2008,MELAKA,Tertiary,387.1
1036,2008,N.SEMBILAN,Total,9
1037,2008,N.SEMBILAN,No formal education,71.6
1038,2008,N.SEMBILAN,Primary,228.9
1039,2008,N.SEMBILAN,Secondary,77.6
1040,2008,N.SEMBILAN,Tertiary,589.8
1041,2008,PAHANG,Total,25.5
1042,2008,PAHANG,No formal education,135.3
1043,2008,PAHANG,Primary,336.7
1044,2008,PAHANG,Secondary,92.4
1045,2008,PAHANG,Tertiary,674.9
1046,2008,P.PINANG,Total,11.2
1047,2008,P.PINANG,No formal education,97.4
1048,2008,P.PINANG,Primary,394.9
1049,2008,P.PINANG,Secondary,171.5
1050,2008,P.PINANG,Tertiary,858.9
1051,2008,PERAK,Total,27.2
1052,2008,PERAK,No formal education,170
1053,2008,PERAK,Primary,538.2
1054,2008,PERAK,Secondary,123.6
1055,2008,PERAK,Tertiary,81.5
1056,2008,PERLIS,Total,2.7
1057,2008,PERLIS,No formal education,12.1
1058,2008,PERLIS,Primary,49.1
1059,2008,PERLIS,Secondary,17.6
1060,2008,PERLIS,Tertiary,2092
1061,2008,SELANGOR,Total,50.7
1062,2008,SELANGOR,No formal education,251
1063,2008,SELANGOR,Primary,1181.8
1064,2008,SELANGOR,Secondary,608.5
1065,2008,SELANGOR,Tertiary,375.5
1066,2008,TERENGGANU,Total,14.1
1067,2008,TERENGGANU,No formal education,73.4
1068,2008,TERENGGANU,Primary,202.3
1069,2008,TERENGGANU,Secondary,85.8
1070,2008,TERENGGANU,Tertiary,1230.5
1071,2008,SABAH,Total,147
1072,2008,SABAH,No formal education,350.7
1073,2008,SABAH,Primary,559.8
1074,2008,SABAH,Secondary,173
1075,2008,SABAH,Tertiary,921.7
1076,2008,SARAWAK,Total,80.3
1077,2008,SARAWAK,No formal education,237.2
1078,2008,SARAWAK,Primary,467.7
1079,2008,SARAWAK,Secondary,136.5
1080,2008,SARAWAK,Tertiary,682.2
1081,2008,W.P.KUALA LUMPUR,Total,6.3
1082,2008,W.P.KUALA LUMPUR,No formal education,68.1
1083,2008,W.P.KUALA LUMPUR,Primary,389.7
1084,2008,W.P.KUALA LUMPUR,Secondary,218.1
1085,2008,W.P.KUALA LUMPUR,Tertiary,32.5
1086,2008,W.P.LABUAN,Total,3.6
1087,2008,W.P.LABUAN,No formal education,6.1
1088,2008,W.P.LABUAN,Primary,17.4
1089,2008,W.P.LABUAN,Secondary,5.5
1090,2008,W.P.LABUAN,Tertiary,10538.1
1091,2007,MALAYSIA,Total,424.8
1092,2007,MALAYSIA,No formal education,2064.9
1093,2007,MALAYSIA,Primary,5917.4
1094,2007,MALAYSIA,Secondary,2121.9
1095,2007,MALAYSIA,Tertiary,1286.7
1096,2007,JOHOR,Total,29.2
1097,2007,JOHOR,No formal education,238
1098,2007,JOHOR,Primary,818.3
1099,2007,JOHOR,Secondary,201.1
1100,2007,JOHOR,Tertiary,670.4
1101,2007,KEDAH,Total,23.8
1102,2007,KEDAH,No formal education,137.8
1103,2007,KEDAH,Primary,398.9
1104,2007,KEDAH,Secondary,109.8
1105,2007,KEDAH,Tertiary,473.1
1106,2007,KELANTAN,Total,31.7
1107,2007,KELANTAN,No formal education,100.2
1108,2007,KELANTAN,Primary,255.4
1109,2007,KELANTAN,Secondary,85.7
1110,2007,KELANTAN,Tertiary,284.3
1111,2007,MELAKA,Total,5.9
1112,2007,MELAKA,No formal education,44.1
1113,2007,MELAKA,Primary,171.9
1114,2007,MELAKA,Secondary,62.4
1115,2007,MELAKA,Tertiary,381.6
1116,2007,N.SEMBILAN,Total,7.8
1117,2007,N.SEMBILAN,No formal education,73.5
1118,2007,N.SEMBILAN,Primary,225
1119,2007,N.SEMBILAN,Secondary,75.3
1120,2007,N.SEMBILAN,Tertiary,561.9
1121,2007,PAHANG,Total,26.8
1122,2007,PAHANG,No formal education,138
1123,2007,PAHANG,Primary,314.4
1124,2007,PAHANG,Secondary,82.6
1125,2007,PAHANG,Tertiary,653.5
1126,2007,P.PINANG,Total,10.8
1127,2007,P.PINANG,No formal education,96.7
1128,2007,P.PINANG,Primary,392.5
1129,2007,P.PINANG,Secondary,153.3
1130,2007,P.PINANG,Tertiary,852.2
1131,2007,PERAK,Total,24.9
1132,2007,PERAK,No formal education,180.6
1133,2007,PERAK,Primary,533.5
1134,2007,PERAK,Secondary,113.2
1135,2007,PERAK,Tertiary,80
1136,2007,PERLIS,Total,2.4
1137,2007,PERLIS,No formal education,14
1138,2007,PERLIS,Primary,48.8
1139,2007,PERLIS,Secondary,14.8
1140,2007,PERLIS,Tertiary,2064.2
1141,2007,SELANGOR,Total,32.5
1142,2007,SELANGOR,No formal education,242.1
1143,2007,SELANGOR,Primary,1153.1
1144,2007,SELANGOR,Secondary,627.9
1145,2007,SELANGOR,Tertiary,363
1146,2007,TERENGGANU,Total,13.5
1147,2007,TERENGGANU,No formal education,74.6
1148,2007,TERENGGANU,Primary,202.3
1149,2007,TERENGGANU,Secondary,72.7
1150,2007,TERENGGANU,Tertiary,1198.6
1151,2007,SABAH,Total,116.4
1152,2007,SABAH,No formal education,388.4
1153,2007,SABAH,Primary,531.5
1154,2007,SABAH,Secondary,162.2
1155,2007,SABAH,Tertiary,954.1
1156,2007,SARAWAK,Total,92
1157,2007,SARAWAK,No formal education,251.6
1158,2007,SARAWAK,Primary,465.1
1159,2007,SARAWAK,Secondary,145.3
1160,2007,SARAWAK,Tertiary,682.1
1161,2007,W.P.KUALA LUMPUR,Total,4.6
1162,2007,W.P.KUALA LUMPUR,No formal education,77.8
1163,2007,W.P.KUALA LUMPUR,Primary,389.4
1164,2007,W.P.KUALA LUMPUR,Secondary,210.3
1165,2007,W.P.KUALA LUMPUR,Tertiary,32.6
1166,2007,W.P.LABUAN,Total,2.6
1167,2007,W.P.LABUAN,No formal education,7.5
1168,2007,W.P.LABUAN,Primary,17.3
1169,2007,W.P.LABUAN,Secondary,5.2
1170,2007,W.P.LABUAN,Tertiary,10275.4
1171,2006,MALAYSIA,Total,393
1172,2006,MALAYSIA,No formal education,2131.7
1173,2006,MALAYSIA,Primary,5774.3
1174,2006,MALAYSIA,Secondary,1975.2
1175,2006,MALAYSIA,Tertiary,1258.1
1176,2006,JOHOR,Total,27.7
1177,2006,JOHOR,No formal education,268
1178,2006,JOHOR,Primary,770
1179,2006,JOHOR,Secondary,192.5
1180,2006,JOHOR,Tertiary,656.8
1181,2006,KEDAH,Total,20.7
1182,2006,KEDAH,No formal education,143
1183,2006,KEDAH,Primary,391.2
1184,2006,KEDAH,Secondary,101.7
1185,2006,KEDAH,Tertiary,458.4
1186,2006,KELANTAN,Total,29.7
1187,2006,KELANTAN,No formal education,97.9
1188,2006,KELANTAN,Primary,249.9
1189,2006,KELANTAN,Secondary,80.9
1190,2006,KELANTAN,Tertiary,273.1
1191,2006,MELAKA,Total,3.9
1192,2006,MELAKA,No formal education,45
1193,2006,MELAKA,Primary,169.5
1194,2006,MELAKA,Secondary,54.7
1195,2006,MELAKA,Tertiary,378.7
1196,2006,N.SEMBILAN,Total,7.4
1197,2006,N.SEMBILAN,No formal education,78.8
1198,2006,N.SEMBILAN,Primary,223
1199,2006,N.SEMBILAN,Secondary,69.6
1200,2006,N.SEMBILAN,Tertiary,557.4
1201,2006,PAHANG,Total,22.4
1202,2006,PAHANG,No formal education,142.6
1203,2006,PAHANG,Primary,323.5
1204,2006,PAHANG,Secondary,68.9
1205,2006,PAHANG,Tertiary,647.7
1206,2006,P.PINANG,Total,10.9
1207,2006,P.PINANG,No formal education,101.1
1208,2006,P.PINANG,Primary,390.4
1209,2006,P.PINANG,Secondary,145.1
1210,2006,P.PINANG,Tertiary,815.9
1211,2006,PERAK,Total,25.3
1212,2006,PERAK,No formal education,192.5
1213,2006,PERAK,Primary,500.6
1214,2006,PERAK,Secondary,97.5
1215,2006,PERAK,Tertiary,74.5
1216,2006,PERLIS,Total,3.2
1217,2006,PERLIS,No formal education,14.9
1218,2006,PERLIS,Primary,44.5
1219,2006,PERLIS,Secondary,11.9
1220,2006,PERLIS,Tertiary,2017.7
1221,2006,SELANGOR,Total,26.3
1222,2006,SELANGOR,No formal education,245.5
1223,2006,SELANGOR,Primary,1140.9
1224,2006,SELANGOR,Secondary,604.4
1225,2006,SELANGOR,Tertiary,351.5
1226,2006,TERENGGANU,Total,16.8
1227,2006,TERENGGANU,No formal education,75
1228,2006,TERENGGANU,Primary,195.1
1229,2006,TERENGGANU,Secondary,64.7
1230,2006,TERENGGANU,Tertiary,1160.2
1231,2006,SABAH,Total,99.4
1232,2006,SABAH,No formal education,390.3
1233,2006,SABAH,Primary,535.4
1234,2006,SABAH,Secondary,135
1235,2006,SABAH,Tertiary,918.3
1236,2006,SARAWAK,Total,89.1
1237,2006,SARAWAK,No formal education,254.7
1238,2006,SARAWAK,Primary,454.2
1239,2006,SARAWAK,Secondary,120.3
1240,2006,SARAWAK,Tertiary,676.6
1241,2006,W.P.KUALA LUMPUR,Total,9.2
1242,2006,W.P.KUALA LUMPUR,No formal education,73.9
1243,2006,W.P.KUALA LUMPUR,Primary,369.3
1244,2006,W.P.KUALA LUMPUR,Secondary,223.9
1245,2006,W.P.KUALA LUMPUR,Tertiary,30.5
1246,2006,W.P.LABUAN,Total,1.2
1247,2006,W.P.LABUAN,No formal education,8.6
1248,2006,W.P.LABUAN,Primary,16.7
1249,2006,W.P.LABUAN,Secondary,4
1250,2006,W.P.LABUAN,Tertiary,10045.4
1251,2005,MALAYSIA,Total,466.8
1252,2005,MALAYSIA,No formal education,2102.6
1253,2005,MALAYSIA,Primary,5565.6
1254,2005,MALAYSIA,Secondary,1908.1
1255,2005,MALAYSIA,Tertiary,1237.1
1256,2005,JOHOR,Total,33.2
1257,2005,JOHOR,No formal education,266.2
1258,2005,JOHOR,Primary,755.2
1259,2005,JOHOR,Secondary,182.5
1260,2005,JOHOR,Tertiary,652.8
1261,2005,KEDAH,Total,24.6
1262,2005,KEDAH,No formal education,150
1263,2005,KEDAH,Primary,378.5
1264,2005,KEDAH,Secondary,99.6
1265,2005,KEDAH,Tertiary,438.8
1266,2005,KELANTAN,Total,36.1
1267,2005,KELANTAN,No formal education,95.2
1268,2005,KELANTAN,Primary,235
1269,2005,KELANTAN,Secondary,72.6
1270,2005,KELANTAN,Tertiary,271.1
1271,2005,MELAKA,Total,7.4
1272,2005,MELAKA,No formal education,44.5
1273,2005,MELAKA,Primary,171.9
1274,2005,MELAKA,Secondary,47.3
1275,2005,MELAKA,Tertiary,372.8
1276,2005,N.SEMBILAN,Total,7.2
1277,2005,N.SEMBILAN,No formal education,76.8
1278,2005,N.SEMBILAN,Primary,223
1279,2005,N.SEMBILAN,Secondary,65.7
1280,2005,N.SEMBILAN,Tertiary,524.7
1281,2005,PAHANG,Total,27.9
1282,2005,PAHANG,No formal education,130.9
1283,2005,PAHANG,Primary,302.6
1284,2005,PAHANG,Secondary,63.3
1285,2005,PAHANG,Tertiary,621.5
1286,2005,P.PINANG,Total,11.4
1287,2005,P.PINANG,No formal education,100.8
1288,2005,P.PINANG,Primary,368.4
1289,2005,P.PINANG,Secondary,139.7
1290,2005,P.PINANG,Tertiary,801.2
1291,2005,PERAK,Total,29.2
1292,2005,PERAK,No formal education,183.2
1293,2005,PERAK,Primary,488.9
1294,2005,PERAK,Secondary,100
1295,2005,PERAK,Tertiary,74
1296,2005,PERLIS,Total,3.1
1297,2005,PERLIS,No formal education,13.4
1298,2005,PERLIS,Primary,44.8
1299,2005,PERLIS,Secondary,12.7
1300,2005,PERLIS,Tertiary,1985.9
1301,2005,SELANGOR,Total,48.3
1302,2005,SELANGOR,No formal education,259.3
1303,2005,SELANGOR,Primary,1083.8
1304,2005,SELANGOR,Secondary,593.8
1305,2005,SELANGOR,Tertiary,342
1306,2005,TERENGGANU,Total,15.1
1307,2005,TERENGGANU,No formal education,79.5
1308,2005,TERENGGANU,Primary,185.5
1309,2005,TERENGGANU,Secondary,61.9
1310,2005,TERENGGANU,Tertiary,1106.8
1311,2005,SABAH,Total,115.5
1312,2005,SABAH,No formal education,384.4
1313,2005,SABAH,Primary,489.4
1314,2005,SABAH,Secondary,117.2
1315,2005,SABAH,Tertiary,910.9
1316,2005,SARAWAK,Total,99.3
1317,2005,SARAWAK,No formal education,239.1
1318,2005,SARAWAK,Primary,450.6
1319,2005,SARAWAK,Secondary,121.9
1320,2005,SARAWAK,Tertiary,675.2
1321,2005,W.P.KUALA LUMPUR,Total,6
1322,2005,W.P.KUALA LUMPUR,No formal education,71.6
1323,2005,W.P.KUALA LUMPUR,Primary,371.3
1324,2005,W.P.KUALA LUMPUR,Secondary,226.2
1325,2005,W.P.KUALA LUMPUR,Tertiary,30.5
1326,2005,W.P.LABUAN,Total,2.5
1327,2005,W.P.LABUAN,No formal education,7.6
1328,2005,W.P.LABUAN,Primary,16.5
1329,2005,W.P.LABUAN,Secondary,3.9
1330,2005,W.P.LABUAN,Tertiary,9979.5
1331,2004,MALAYSIA,Total,472.1
1332,2004,MALAYSIA,No formal education,2199.9
1333,2004,MALAYSIA,Primary,5469.2
1334,2004,MALAYSIA,Secondary,1832.2
1335,2004,MALAYSIA,Tertiary,1232.6
1336,2004,JOHOR,Total,36
1337,2004,JOHOR,No formal education,285.9
1338,2004,JOHOR,Primary,748
1339,2004,JOHOR,Secondary,162.8
1340,2004,JOHOR,Tertiary,654.5
1341,2004,KEDAH,Total,23.6
1342,2004,KEDAH,No formal education,161.4
1343,2004,KEDAH,Primary,380.5
1344,2004,KEDAH,Secondary,89.1
1345,2004,KEDAH,Tertiary,436.6
1346,2004,KELANTAN,Total,32
1347,2004,KELANTAN,No formal education,100
1348,2004,KELANTAN,Primary,229.4
1349,2004,KELANTAN,Secondary,75.1
1350,2004,KELANTAN,Tertiary,265.1
1351,2004,MELAKA,Total,6
1352,2004,MELAKA,No formal education,45.3
1353,2004,MELAKA,Primary,169.1
1354,2004,MELAKA,Secondary,44.6
1355,2004,MELAKA,Tertiary,360.3
1356,2004,N.SEMBILAN,Total,8.1
1357,2004,N.SEMBILAN,No formal education,82
1358,2004,N.SEMBILAN,Primary,209.6
1359,2004,N.SEMBILAN,Secondary,60.7
1360,2004,N.SEMBILAN,Tertiary,526.2
1361,2004,PAHANG,Total,29.2
1362,2004,PAHANG,No formal education,144.9
1363,2004,PAHANG,Primary,289.3
1364,2004,PAHANG,Secondary,62.8
1365,2004,PAHANG,Tertiary,625
1366,2004,P.PINANG,Total,11.7
1367,2004,P.PINANG,No formal education,113.9
1368,2004,P.PINANG,Primary,383.4
1369,2004,P.PINANG,Secondary,115.8
1370,2004,P.PINANG,Tertiary,791
1371,2004,PERAK,Total,30.3
1372,2004,PERAK,No formal education,184.9
1373,2004,PERAK,Primary,477.9
1374,2004,PERAK,Secondary,95.8
1375,2004,PERAK,Tertiary,73.8
1376,2004,PERLIS,Total,3.4
1377,2004,PERLIS,No formal education,16.2
1378,2004,PERLIS,Primary,43.9
1379,2004,PERLIS,Secondary,10.3
1380,2004,PERLIS,Tertiary,1973.3
1381,2004,SELANGOR,Total,44.3
1382,2004,SELANGOR,No formal education,282.3
1383,2004,SELANGOR,Primary,1056.4
1384,2004,SELANGOR,Secondary,586.7
1385,2004,SELANGOR,Tertiary,336.9
1386,2004,TERENGGANU,Total,16.8
1387,2004,TERENGGANU,No formal education,81.3
1388,2004,TERENGGANU,Primary,183.1
1389,2004,TERENGGANU,Secondary,55.7
1390,2004,TERENGGANU,Tertiary,1081.7
1391,2004,SABAH,Total,114.4
1392,2004,SABAH,No formal education,357.6
1393,2004,SABAH,Primary,493.8
1394,2004,SABAH,Secondary,115.8
1395,2004,SABAH,Tertiary,918.6
1396,2004,SARAWAK,Total,103.8
1397,2004,SARAWAK,No formal education,253.5
1398,2004,SARAWAK,Primary,439.9
1399,2004,SARAWAK,Secondary,121.4
1400,2004,SARAWAK,Tertiary,671.7
1401,2004,W.P.KUALA LUMPUR,Total,10.2
1402,2004,W.P.KUALA LUMPUR,No formal education,82.8
1403,2004,W.P.KUALA LUMPUR,Primary,348.4
1404,2004,W.P.KUALA LUMPUR,Secondary,230.2
1405,2004,W.P.KUALA LUMPUR,Tertiary,32.3
1406,2004,W.P.LABUAN,Total,2.4
1407,2004,W.P.LABUAN,No formal education,7.9
1408,2004,W.P.LABUAN,Primary,16.3
1409,2004,W.P.LABUAN,Secondary,5.7
1410,2004,W.P.LABUAN,Tertiary,9869.7
1411,2003,MALAYSIA,Total,474.8
1412,2003,MALAYSIA,No formal education,2244.7
1413,2003,MALAYSIA,Primary,5424.1
1414,2003,MALAYSIA,Secondary,1724.7
1415,2003,MALAYSIA,Tertiary,1269.1
1416,2003,JOHOR,Total,39.7
1417,2003,JOHOR,No formal education,309.3
1418,2003,JOHOR,Primary,761.2
1419,2003,JOHOR,Secondary,158.9
1420,2003,JOHOR,Tertiary,657.7
1421,2003,KEDAH,Total,30.1
1422,2003,KEDAH,No formal education,156.1
1423,2003,KEDAH,Primary,373.9
1424,2003,KEDAH,Secondary,97.4
1425,2003,KEDAH,Tertiary,475.7
1426,2003,KELANTAN,Total,38.9
1427,2003,KELANTAN,No formal education,114.4
1428,2003,KELANTAN,Primary,244.3
1429,2003,KELANTAN,Secondary,78.1
1430,2003,KELANTAN,Tertiary,272.7
1431,2003,MELAKA,Total,6.3
1432,2003,MELAKA,No formal education,48.8
1433,2003,MELAKA,Primary,177.1
1434,2003,MELAKA,Secondary,40.2
1435,2003,MELAKA,Tertiary,340
1436,2003,N.SEMBILAN,Total,8.5
1437,2003,N.SEMBILAN,No formal education,85.3
1438,2003,N.SEMBILAN,Primary,193.1
1439,2003,N.SEMBILAN,Secondary,53.1
1440,2003,N.SEMBILAN,Tertiary,460
1441,2003,PAHANG,Total,21.7
1442,2003,PAHANG,No formal education,136.1
1443,2003,PAHANG,Primary,245.3
1444,2003,PAHANG,Secondary,56.9
1445,2003,PAHANG,Tertiary,674.4
1446,2003,P.PINANG,Total,12.3
1447,2003,P.PINANG,No formal education,109.2
1448,2003,P.PINANG,Primary,420.4
1449,2003,P.PINANG,Secondary,132.4
1450,2003,P.PINANG,Tertiary,734.6
1451,2003,PERAK,Total,22.7
1452,2003,PERAK,No formal education,192.8
1453,2003,PERAK,Primary,441.7
1454,2003,PERAK,Secondary,77.3
1455,2003,PERAK,Tertiary,76.6
1456,2003,PERLIS,Total,4.2
1457,2003,PERLIS,No formal education,17
1458,2003,PERLIS,Primary,45.4
1459,2003,PERLIS,Secondary,10.1
1460,2003,PERLIS,Tertiary,1833.5
1461,2003,SELANGOR,Total,37.4
1462,2003,SELANGOR,No formal education,270.7
1463,2003,SELANGOR,Primary,1004.8
1464,2003,SELANGOR,Secondary,520.6
1465,2003,SELANGOR,Tertiary,344.9
1466,2003,TERENGGANU,Total,19.3
1467,2003,TERENGGANU,No formal education,87.1
1468,2003,TERENGGANU,Primary,183.4
1469,2003,TERENGGANU,Secondary,55
1470,2003,TERENGGANU,Tertiary,1073.1
1471,2003,SABAH,Total,117.9
1472,2003,SABAH,No formal education,366.5
1473,2003,SABAH,Primary,482.1
1474,2003,SABAH,Secondary,106.7
1475,2003,SABAH,Tertiary,909.9
1476,2003,SARAWAK,Total,107.9
1477,2003,SARAWAK,No formal education,257.4
1478,2003,SARAWAK,Primary,442.9
1479,2003,SARAWAK,Secondary,101.6
1480,2003,SARAWAK,Tertiary,715.1
1481,2003,W.P.KUALA LUMPUR,Total,7.1
1482,2003,W.P.KUALA LUMPUR,No formal education,87.1
1483,2003,W.P.KUALA LUMPUR,Primary,389.6
1484,2003,W.P.KUALA LUMPUR,Secondary,231.3
1485,2003,W.P.KUALA LUMPUR,Tertiary,31.8
1486,2003,W.P.LABUAN,Total,1
1487,2003,W.P.LABUAN,No formal education,7
1488,2003,W.P.LABUAN,Primary,18.8
1489,2003,W.P.LABUAN,Secondary,4.9
1490,2003,W.P.LABUAN,Tertiary,9542.6
1491,2002,MALAYSIA,Total,509.6
1492,2002,MALAYSIA,No formal education,2279.6
1493,2002,MALAYSIA,Primary,5163.3
1494,2002,MALAYSIA,Secondary,1588.4
1495,2002,MALAYSIA,Tertiary,1222.3
1496,2002,JOHOR,Total,40
1497,2002,JOHOR,No formal education,299.4
1498,2002,JOHOR,Primary,742.6
1499,2002,JOHOR,Secondary,139.7
1500,2002,JOHOR,Tertiary,645.1
