Year,Country/state,Status in employment,Person ('000)
2020,MALAYSIA,Total,14956.7
2020,MALAYSIA,Employer,512.2
2020,MALAYSIA,Employee,11554.2
2020,MALAYSIA,Own account worker,2383
2020,MALAYSIA,Unpaid family worker,507.4
2020,JOHOR,Total,1775.6
2020,JOHOR,Employer,57.1
2020,JOHOR,Employee,1419.9
2020,JOHOR,Own account worker,254.7
2020,JOHOR,Unpaid family worker,43.9
2020,KEDAH,Total,914.7
2020,KEDAH,Employer,20
2020,KEDAH,Employee,626.2
2020,KEDAH,Own account worker,220.8
2020,KEDAH,Unpaid family worker,47.7
2020,KELANTAN,Total,680.8
2020,KELANTAN,Employer,9.9
2020,KELANTAN,Employee,438.5
2020,KELANTAN,Own account worker,199.7
2020,KELANTAN,Unpaid family worker,32.7
2020,MELAKA,Total,417.3
2020,MELAKA,Employer,15
2020,MELAKA,Employee,344.2
2020,MELAKA,Own account worker,48.7
2020,MELAKA,Unpaid family worker,9.5
2020,NEGERI SEMBILAN,Total,474.1
2020,NEGERI SEMBILAN,Employer,20.8
2020,NEGERI SEMBILAN,Employee,377.8
2020,NEGERI SEMBILAN,Own account worker,57.7
2020,NEGERI SEMBILAN,Unpaid family worker,17.7
2020,PAHANG,Total,715.9
2020,PAHANG,Employer,26.4
2020,PAHANG,Employee,522.5
2020,PAHANG,Own account worker,131.3
2020,PAHANG,Unpaid family worker,35.6
2020,PULAU PINANG,Total,832.9
2020,PULAU PINANG,Employer,26.4
2020,PULAU PINANG,Employee,710
2020,PULAU PINANG,Own account worker,81.9
2020,PULAU PINANG,Unpaid family worker,14.6
2020,PERAK,Total,1042.8
2020,PERAK,Employer,42.4
2020,PERAK,Employee,778.5
2020,PERAK,Own account worker,182.1
2020,PERAK,Unpaid family worker,39.8
2020,PERLIS,Total,105.6
2020,PERLIS,Employer,5.1
2020,PERLIS,Employee,74.8
2020,PERLIS,Own account worker,23.3
2020,PERLIS,Unpaid family worker,2.3
2020,SELANGOR,Total,3446.5
2020,SELANGOR,Employer,153.1
2020,SELANGOR,Employee,2825.5
2020,SELANGOR,Own account worker,411.2
2020,SELANGOR,Unpaid family worker,56.7
2020,TERENGGANU,Total,465
2020,TERENGGANU,Employer,15.5
2020,TERENGGANU,Employee,338.1
2020,TERENGGANU,Own account worker,91.1
2020,TERENGGANU,Unpaid family worker,20.4
2020,SABAH,Total,1869.7
2020,SABAH,Employer,43.4
2020,SABAH,Employee,1350.8
2020,SABAH,Own account worker,381.2
2020,SABAH,Unpaid family worker,94.3
2020,SARAWAK,Total,1262.3
2020,SARAWAK,Employer,30.9
2020,SARAWAK,Employee,964.7
2020,SARAWAK,Own account worker,183.5
2020,SARAWAK,Unpaid family worker,83.1
2020,W.P.KUALA LUMPUR,Total,874.6
2020,W.P.KUALA LUMPUR,Employer,44.6
2020,W.P.KUALA LUMPUR,Employee,711.2
2020,W.P.KUALA LUMPUR,Own account worker,109.8
2020,W.P.KUALA LUMPUR,Unpaid family worker,8.9
2020,W.P.LABUAN,Total,42.8
2020,W.P.LABUAN,Employer,1.2
2020,W.P.LABUAN,Employee,36.7
2020,W.P.LABUAN,Own account worker,4.8
2020,W.P.LABUAN,Unpaid family worker,0.2
2020,W.P.PUTRAJAYA,Total,36.2
2020,W.P.PUTRAJAYA,Employer,0.4
2020,W.P.PUTRAJAYA,Employee,34.7
2020,W.P.PUTRAJAYA,Own account worker,1.1
2020,W.P.PUTRAJAYA,Unpaid family worker,-
2019,MALAYSIA,Total,15073.4
2019,MALAYSIA,Employer,552.9
2019,MALAYSIA,Employee,11218.3
2019,MALAYSIA,Own account worker,2724.2
2019,MALAYSIA,Unpaid family worker,578.1
2019,JOHOR,Total,1756.1
2019,JOHOR,Employer,56.4
2019,JOHOR,Employee,1340.8
2019,JOHOR,Own account worker,294.7
2019,JOHOR,Unpaid family worker,64.2
2019,KEDAH,Total,923.6
2019,KEDAH,Employer,22.3
2019,KEDAH,Employee,618.5
2019,KEDAH,Own account worker,235.2
2019,KEDAH,Unpaid family worker,47.7
2019,KELANTAN,Total,682.4
2019,KELANTAN,Employer,14.9
2019,KELANTAN,Employee,413.4
2019,KELANTAN,Own account worker,206.5
2019,KELANTAN,Unpaid family worker,47.6
2019,MELAKA,Total,428.3
2019,MELAKA,Employer,18.4
2019,MELAKA,Employee,336.3
2019,MELAKA,Own account worker,60.8
2019,MELAKA,Unpaid family worker,12.8
2019,NEGERI SEMBILAN,Total,482.5
2019,NEGERI SEMBILAN,Employer,21.7
2019,NEGERI SEMBILAN,Employee,372.4
2019,NEGERI SEMBILAN,Own account worker,71.4
2019,NEGERI SEMBILAN,Unpaid family worker,17
2019,PAHANG,Total,719.5
2019,PAHANG,Employer,29.1
2019,PAHANG,Employee,500.6
2019,PAHANG,Own account worker,147.1
2019,PAHANG,Unpaid family worker,42.7
2019,PULAU PINANG,Total,835.6
2019,PULAU PINANG,Employer,30.2
2019,PULAU PINANG,Employee,695.3
2019,PULAU PINANG,Own account worker,92.5
2019,PULAU PINANG,Unpaid family worker,17.6
2019,PERAK,Total,1043.7
2019,PERAK,Employer,45.1
2019,PERAK,Employee,764.1
2019,PERAK,Own account worker,198
2019,PERAK,Unpaid family worker,36.6
2019,PERLIS,Total,108.5
2019,PERLIS,Employer,6.1
2019,PERLIS,Employee,73.3
2019,PERLIS,Own account worker,26
2019,PERLIS,Unpaid family worker,3.1
2019,SELANGOR,Total,3489.5
2019,SELANGOR,Employer,162.5
2019,SELANGOR,Employee,2762.4
2019,SELANGOR,Own account worker,525.4
2019,SELANGOR,Unpaid family worker,39.3
2019,TERENGGANU,Total,471
2019,TERENGGANU,Employer,18.8
2019,TERENGGANU,Employee,328.1
2019,TERENGGANU,Own account worker,100.3
2019,TERENGGANU,Unpaid family worker,23.8
2019,SABAH,Total,1908.6
2019,SABAH,Employer,46.3
2019,SABAH,Employee,1338.1
2019,SABAH,Own account worker,414.5
2019,SABAH,Unpaid family worker,109.7
2019,SARAWAK,Total,1304.7
2019,SARAWAK,Employer,33.3
2019,SARAWAK,Employee,939.7
2019,SARAWAK,Own account worker,223.9
2019,SARAWAK,Unpaid family worker,107.9
2019,W.P.KUALA LUMPUR,Total,841
2019,W.P.KUALA LUMPUR,Employer,46
2019,W.P.KUALA LUMPUR,Employee,666.5
2019,W.P.KUALA LUMPUR,Own account worker,120.4
2019,W.P.KUALA LUMPUR,Unpaid family worker,8.1
2019,W.P.LABUAN,Total,40.3
2019,W.P.LABUAN,Employer,1.3
2019,W.P.LABUAN,Employee,33.8
2019,W.P.LABUAN,Own account worker,5
2019,W.P.LABUAN,Unpaid family worker,0.2
2019,W.P.PUTRAJAYA,Total,38.1
2019,W.P.PUTRAJAYA,Employer,0.5
2019,W.P.PUTRAJAYA,Employee,35.1
2019,W.P.PUTRAJAYA,Own account worker,2.6
2019,W.P.PUTRAJAYA,Unpaid family worker,0
2018,MALAYSIA,Total,14776
2018,MALAYSIA,Employer,547.2
2018,MALAYSIA,Employee,10700.4
2018,MALAYSIA,Own account worker,2859.2
2018,MALAYSIA,Unpaid family worker,669.1
2018,JOHOR,Total,1693.3
2018,JOHOR,Employer,57.4
2018,JOHOR,Employee,1292.8
2018,JOHOR,Own account worker,274.4
2018,JOHOR,Unpaid family worker,68.6
2018,KEDAH,Total,909.2
2018,KEDAH,Employer,25.1
2018,KEDAH,Employee,591.8
2018,KEDAH,Own account worker,226.7
2018,KEDAH,Unpaid family worker,65.6
2018,KELANTAN,Total,683.3
2018,KELANTAN,Employer,15.8
2018,KELANTAN,Employee,396.7
2018,KELANTAN,Own account worker,214.5
2018,KELANTAN,Unpaid family worker,56.4
2018,MELAKA,Total,416.7
2018,MELAKA,Employer,16.3
2018,MELAKA,Employee,322.2
2018,MELAKA,Own account worker,63.6
2018,MELAKA,Unpaid family worker,14.7
2018,NEGERI SEMBILAN,Total,488.6
2018,NEGERI SEMBILAN,Employer,16.4
2018,NEGERI SEMBILAN,Employee,369.9
2018,NEGERI SEMBILAN,Own account worker,81.4
2018,NEGERI SEMBILAN,Unpaid family worker,21
2018,PAHANG,Total,716.6
2018,PAHANG,Employer,28.9
2018,PAHANG,Employee,466.6
2018,PAHANG,Own account worker,166.4
2018,PAHANG,Unpaid family worker,54.7
2018,PULAU PINANG,Total,830.8
2018,PULAU PINANG,Employer,26
2018,PULAU PINANG,Employee,680
2018,PULAU PINANG,Own account worker,104.3
2018,PULAU PINANG,Unpaid family worker,20.5
2018,PERAK,Total,1034.8
2018,PERAK,Employer,44.9
2018,PERAK,Employee,746.7
2018,PERAK,Own account worker,207.4
2018,PERAK,Unpaid family worker,35.8
2018,PERLIS,Total,104
2018,PERLIS,Employer,5.3
2018,PERLIS,Employee,64.6
2018,PERLIS,Own account worker,28
2018,PERLIS,Unpaid family worker,6.1
2018,SELANGOR,Total,3446.7
2018,SELANGOR,Employer,159.3
2018,SELANGOR,Employee,2595.5
2018,SELANGOR,Own account worker,638.8
2018,SELANGOR,Unpaid family worker,53
2018,TERENGGANU,Total,447.8
2018,TERENGGANU,Employer,19.5
2018,TERENGGANU,Employee,306.7
2018,TERENGGANU,Own account worker,98.6
2018,TERENGGANU,Unpaid family worker,23
2018,SABAH,Total,1825.5
2018,SABAH,Employer,51.2
2018,SABAH,Employee,1237.6
2018,SABAH,Own account worker,415.3
2018,SABAH,Unpaid family worker,121.4
2018,SARAWAK,Total,1274.4
2018,SARAWAK,Employer,33.7
2018,SARAWAK,Employee,906
2018,SARAWAK,Own account worker,218.5
2018,SARAWAK,Unpaid family worker,116.2
2018,W.P.KUALA LUMPUR,Total,824.4
2018,W.P.KUALA LUMPUR,Employer,45.4
2018,W.P.KUALA LUMPUR,Employee,652
2018,W.P.KUALA LUMPUR,Own account worker,115.1
2018,W.P.KUALA LUMPUR,Unpaid family worker,11.9
2018,W.P.LABUAN,Total,41.5
2018,W.P.LABUAN,Employer,1.3
2018,W.P.LABUAN,Employee,35.2
2018,W.P.LABUAN,Own account worker,4.8
2018,W.P.LABUAN,Unpaid family worker,0.2
2018,W.P.PUTRAJAYA,Total,38.4
2018,W.P.PUTRAJAYA,Employer,0.8
2018,W.P.PUTRAJAYA,Employee,36.2
2018,W.P.PUTRAJAYA,Own account worker,1.4
2018,W.P.PUTRAJAYA,Unpaid family worker,0
2017,MALAYSIA,Total,14476.8
2017,MALAYSIA,Employer,553.5
2017,MALAYSIA,Employee,10710.1
2017,MALAYSIA,Own account worker,2606.7
2017,MALAYSIA,Unpaid family worker,606.4
2017,JOHOR,Total,1616.7
2017,JOHOR,Employer,61.8
2017,JOHOR,Employee,1289.9
2017,JOHOR,Own account worker,228.3
2017,JOHOR,Unpaid family worker,36.7
2017,KEDAH,Total,906.3
2017,KEDAH,Employer,30.2
2017,KEDAH,Employee,574
2017,KEDAH,Own account worker,247.3
2017,KEDAH,Unpaid family worker,54.7
2017,KELANTAN,Total,676
2017,KELANTAN,Employer,17.5
2017,KELANTAN,Employee,391.9
2017,KELANTAN,Own account worker,200
2017,KELANTAN,Unpaid family worker,66.6
2017,MELAKA,Total,406.2
2017,MELAKA,Employer,13.2
2017,MELAKA,Employee,320.9
2017,MELAKA,Own account worker,60.5
2017,MELAKA,Unpaid family worker,11.6
2017,NEGERI SEMBILAN,Total,477.3
2017,NEGERI SEMBILAN,Employer,17.7
2017,NEGERI SEMBILAN,Employee,361.1
2017,NEGERI SEMBILAN,Own account worker,79.1
2017,NEGERI SEMBILAN,Unpaid family worker,19.4
2017,PAHANG,Total,690.2
2017,PAHANG,Employer,29.7
2017,PAHANG,Employee,453.8
2017,PAHANG,Own account worker,163.3
2017,PAHANG,Unpaid family worker,43.4
2017,PULAU PINANG,Total,823.8
2017,PULAU PINANG,Employer,28.6
2017,PULAU PINANG,Employee,682.8
2017,PULAU PINANG,Own account worker,94.3
2017,PULAU PINANG,Unpaid family worker,18.1
2017,PERAK,Total,1013.3
2017,PERAK,Employer,43
2017,PERAK,Employee,729.3
2017,PERAK,Own account worker,203.3
2017,PERAK,Unpaid family worker,37.8
2017,PERLIS,Total,98.4
2017,PERLIS,Employer,3.3
2017,PERLIS,Employee,64.6
2017,PERLIS,Own account worker,25.6
2017,PERLIS,Unpaid family worker,5
2017,SELANGOR,Total,3359.4
2017,SELANGOR,Employer,161.3
2017,SELANGOR,Employee,2592.3
2017,SELANGOR,Own account worker,549.8
2017,SELANGOR,Unpaid family worker,55.9
2017,TERENGGANU,Total,438.3
2017,TERENGGANU,Employer,17
2017,TERENGGANU,Employee,305.2
2017,TERENGGANU,Own account worker,93.2
2017,TERENGGANU,Unpaid family worker,22.9
2017,SABAH,Total,1796.3
2017,SABAH,Employer,49.4
2017,SABAH,Employee,1283.9
2017,SABAH,Own account worker,350.6
2017,SABAH,Unpaid family worker,112.3
2017,SARAWAK,Total,1253.7
2017,SARAWAK,Employer,32.2
2017,SARAWAK,Employee,898
2017,SARAWAK,Own account worker,211.4
2017,SARAWAK,Unpaid family worker,112
2017,W.P.KUALA LUMPUR,Total,844.3
2017,W.P.KUALA LUMPUR,Employer,46.7
2017,W.P.KUALA LUMPUR,Employee,693.8
2017,W.P.KUALA LUMPUR,Own account worker,94.8
2017,W.P.KUALA LUMPUR,Unpaid family worker,9
2017,W.P.LABUAN,Total,38.5
2017,W.P.LABUAN,Employer,1.3
2017,W.P.LABUAN,Employee,32.9
2017,W.P.LABUAN,Own account worker,3.4
2017,W.P.LABUAN,Unpaid family worker,0.9
2017,W.P.PUTRAJAYA,Total,38
2017,W.P.PUTRAJAYA,Employer,0.5
2017,W.P.PUTRAJAYA,Employee,35.7
2017,W.P.PUTRAJAYA,Own account worker,1.8
2017,W.P.PUTRAJAYA,Unpaid family worker,0
2016,MALAYSIA,Total,14163.7
2016,MALAYSIA,Employer,486.4
2016,MALAYSIA,Employee,10534.2
2016,MALAYSIA,Own account worker,2522.3
2016,MALAYSIA,Unpaid family worker,620.9
2016,JOHOR,Total,1580.6
2016,JOHOR,Employer,52
2016,JOHOR,Employee,1268.7
2016,JOHOR,Own account worker,218.2
2016,JOHOR,Unpaid family worker,41.7
2016,KEDAH,Total,884.3
2016,KEDAH,Employer,25.4
2016,KEDAH,Employee,585.1
2016,KEDAH,Own account worker,231.1
2016,KEDAH,Unpaid family worker,42.9
2016,KELANTAN,Total,632.9
2016,KELANTAN,Employer,20.5
2016,KELANTAN,Employee,368.1
2016,KELANTAN,Own account worker,189.9
2016,KELANTAN,Unpaid family worker,54.4
2016,MELAKA,Total,397.3
2016,MELAKA,Employer,13
2016,MELAKA,Employee,303.7
2016,MELAKA,Own account worker,64.8
2016,MELAKA,Unpaid family worker,15.8
2016,NEGERI SEMBILAN,Total,466.9
2016,NEGERI SEMBILAN,Employer,11.8
2016,NEGERI SEMBILAN,Employee,346.7
2016,NEGERI SEMBILAN,Own account worker,89.4
2016,NEGERI SEMBILAN,Unpaid family worker,19.1
2016,PAHANG,Total,692.2
2016,PAHANG,Employer,35.1
2016,PAHANG,Employee,459.4
2016,PAHANG,Own account worker,151.3
2016,PAHANG,Unpaid family worker,46.4
2016,PULAU PINANG,Total,827.4
2016,PULAU PINANG,Employer,28.7
2016,PULAU PINANG,Employee,683.2
2016,PULAU PINANG,Own account worker,92.4
2016,PULAU PINANG,Unpaid family worker,23.1
2016,PERAK,Total,988.2
2016,PERAK,Employer,34.5
2016,PERAK,Employee,721.6
2016,PERAK,Own account worker,188.7
2016,PERAK,Unpaid family worker,43.4
2016,PERLIS,Total,100.1
2016,PERLIS,Employer,2.1
2016,PERLIS,Employee,65.9
2016,PERLIS,Own account worker,25.4
2016,PERLIS,Unpaid family worker,6.6
2016,SELANGOR,Total,3217.6
2016,SELANGOR,Employer,136.7
2016,SELANGOR,Employee,2513.2
2016,SELANGOR,Own account worker,511.9
2016,SELANGOR,Unpaid family worker,55.8
2016,TERENGGANU,Total,428.5
2016,TERENGGANU,Employer,15.5
2016,TERENGGANU,Employee,296.3
2016,TERENGGANU,Own account worker,92.7
2016,TERENGGANU,Unpaid family worker,24
2016,SABAH,Total,1823.7
2016,SABAH,Employer,39.8
2016,SABAH,Employee,1299.5
2016,SABAH,Own account worker,355.6
2016,SABAH,Unpaid family worker,128.8
2016,SARAWAK,Total,1218.2
2016,SARAWAK,Employer,27.7
2016,SARAWAK,Employee,878.4
2016,SARAWAK,Own account worker,209.5
2016,SARAWAK,Unpaid family worker,102.8
2016,W.P.KUALA LUMPUR,Total,827.2
2016,W.P.KUALA LUMPUR,Employer,42.4
2016,W.P.KUALA LUMPUR,Employee,674.2
2016,W.P.KUALA LUMPUR,Own account worker,94.8
2016,W.P.KUALA LUMPUR,Unpaid family worker,15.9
2016,W.P.LABUAN,Total,40.2
2016,W.P.LABUAN,Employer,0.9
2016,W.P.LABUAN,Employee,34.1
2016,W.P.LABUAN,Own account worker,4.9
2016,W.P.LABUAN,Unpaid family worker,0.3
2016,W.P.PUTRAJAYA,Total,38.2
2016,W.P.PUTRAJAYA,Employer,0.4
2016,W.P.PUTRAJAYA,Employee,36.1
2016,W.P.PUTRAJAYA,Own account worker,1.7
2016,W.P.PUTRAJAYA,Unpaid family worker,0
2015,MALAYSIA,Total,14067.7
2015,MALAYSIA,Employer,568.6
2015,MALAYSIA,Employee,10395.5
2015,MALAYSIA,Own account worker,2476.2
2015,MALAYSIA,Unpaid family worker,627.4
2015,JOHOR,Total,1582.6
2015,JOHOR,Employer,55
2015,JOHOR,Employee,1214.4
2015,JOHOR,Own account worker,258.5
2015,JOHOR,Unpaid family worker,54.7
2015,KEDAH,Total,881.6
2015,KEDAH,Employer,26.1
2015,KEDAH,Employee,591.5
2015,KEDAH,Own account worker,224
2015,KEDAH,Unpaid family worker,40
2015,KELANTAN,Total,652.1
2015,KELANTAN,Employer,22.1
2015,KELANTAN,Employee,372.6
2015,KELANTAN,Own account worker,189.5
2015,KELANTAN,Unpaid family worker,67.9
2015,MELAKA,Total,398.3
2015,MELAKA,Employer,15.7
2015,MELAKA,Employee,307.7
2015,MELAKA,Own account worker,59.1
2015,MELAKA,Unpaid family worker,15.8
2015,NEGERI SEMBILAN,Total,468.7
2015,NEGERI SEMBILAN,Employer,15.5
2015,NEGERI SEMBILAN,Employee,347.3
2015,NEGERI SEMBILAN,Own account worker,86.5
2015,NEGERI SEMBILAN,Unpaid family worker,19.4
2015,PAHANG,Total,697.5
2015,PAHANG,Employer,33.9
2015,PAHANG,Employee,461.3
2015,PAHANG,Own account worker,154.2
2015,PAHANG,Unpaid family worker,48.1
2015,PULAU PINANG,Total,834.2
2015,PULAU PINANG,Employer,30.5
2015,PULAU PINANG,Employee,680.6
2015,PULAU PINANG,Own account worker,99.5
2015,PULAU PINANG,Unpaid family worker,23.7
2015,PERAK,Total,981.8
2015,PERAK,Employer,35.5
2015,PERAK,Employee,720.1
2015,PERAK,Own account worker,188.8
2015,PERAK,Unpaid family worker,37.3
2015,PERLIS,Total,98.2
2015,PERLIS,Employer,3.5
2015,PERLIS,Employee,60.6
2015,PERLIS,Own account worker,28.7
2015,PERLIS,Unpaid family worker,5.4
2015,SELANGOR,Total,3135
2015,SELANGOR,Employer,176.5
2015,SELANGOR,Employee,2470.1
2015,SELANGOR,Own account worker,440.3
2015,SELANGOR,Unpaid family worker,48.1
2015,TERENGGANU,Total,420.5
2015,TERENGGANU,Employer,14.1
2015,TERENGGANU,Employee,295.8
2015,TERENGGANU,Own account worker,89.3
2015,TERENGGANU,Unpaid family worker,21.3
2015,SABAH,Total,1771.1
2015,SABAH,Employer,48.1
2015,SABAH,Employee,1252.6
2015,SABAH,Own account worker,351.1
2015,SABAH,Unpaid family worker,119.3
2015,SARAWAK,Total,1214.8
2015,SARAWAK,Employer,35.1
2015,SARAWAK,Employee,861.5
2015,SARAWAK,Own account worker,211.4
2015,SARAWAK,Unpaid family worker,106.8
2015,W.P.KUALA LUMPUR,Total,853.4
2015,W.P.KUALA LUMPUR,Employer,55.5
2015,W.P.KUALA LUMPUR,Employee,688.7
2015,W.P.KUALA LUMPUR,Own account worker,89.9
2015,W.P.KUALA LUMPUR,Unpaid family worker,19.3
2015,W.P.LABUAN,Total,39.5
2015,W.P.LABUAN,Employer,1
2015,W.P.LABUAN,Employee,34.3
2015,W.P.LABUAN,Own account worker,4
2015,W.P.LABUAN,Unpaid family worker,0.2
2015,W.P.PUTRAJAYA,Total,38.5
2015,W.P.PUTRAJAYA,Employer,0.7
2015,W.P.PUTRAJAYA,Employee,36.3
2015,W.P.PUTRAJAYA,Own account worker,1.5
2015,W.P.PUTRAJAYA,Unpaid family worker,0
2014,MALAYSIA,Total,13852.6
2014,MALAYSIA,Employer,511.5
2014,MALAYSIA,Employee,10447.6
2014,MALAYSIA,Own account worker,2267.2
2014,MALAYSIA,Unpaid family worker,626.3
2014,JOHOR,Total,1579.7
2014,JOHOR,Employer,47.8
2014,JOHOR,Employee,1255.9
2014,JOHOR,Own account worker,227.9
2014,JOHOR,Unpaid family worker,48.2
2014,KEDAH,Total,859.8
2014,KEDAH,Employer,32.5
2014,KEDAH,Employee,576.6
2014,KEDAH,Own account worker,204.9
2014,KEDAH,Unpaid family worker,45.8
2014,KELANTAN,Total,625.2
2014,KELANTAN,Employer,15.6
2014,KELANTAN,Employee,348
2014,KELANTAN,Own account worker,193.2
2014,KELANTAN,Unpaid family worker,68.4
2014,MELAKA,Total,394.9
2014,MELAKA,Employer,20.9
2014,MELAKA,Employee,290.9
2014,MELAKA,Own account worker,62.2
2014,MELAKA,Unpaid family worker,20.9
2014,NEGERI SEMBILAN,Total,466.5
2014,NEGERI SEMBILAN,Employer,16.6
2014,NEGERI SEMBILAN,Employee,342.2
2014,NEGERI SEMBILAN,Own account worker,85.8
2014,NEGERI SEMBILAN,Unpaid family worker,21.8
2014,PAHANG,Total,683.2
2014,PAHANG,Employer,31.5
2014,PAHANG,Employee,467.1
2014,PAHANG,Own account worker,141.5
2014,PAHANG,Unpaid family worker,43.1
2014,PULAU PINANG,Total,839.2
2014,PULAU PINANG,Employer,34.6
2014,PULAU PINANG,Employee,668.5
2014,PULAU PINANG,Own account worker,104.9
2014,PULAU PINANG,Unpaid family worker,31.1
2014,PERAK,Total,954.1
2014,PERAK,Employer,34.7
2014,PERAK,Employee,702.9
2014,PERAK,Own account worker,179.7
2014,PERAK,Unpaid family worker,36.8
2014,PERLIS,Total,95.2
2014,PERLIS,Employer,4.1
2014,PERLIS,Employee,60.2
2014,PERLIS,Own account worker,26.9
2014,PERLIS,Unpaid family worker,3.9
2014,SELANGOR,Total,3033.6
2014,SELANGOR,Employer,136.5
2014,SELANGOR,Employee,2522.1
2014,SELANGOR,Own account worker,338.5
2014,SELANGOR,Unpaid family worker,36.5
2014,TERENGGANU,Total,414.9
2014,TERENGGANU,Employer,14.6
2014,TERENGGANU,Employee,290.7
2014,TERENGGANU,Own account worker,91.3
2014,TERENGGANU,Unpaid family worker,18.4
2014,SABAH,Total,1740.9
2014,SABAH,Employer,49.6
2014,SABAH,Employee,1244.6
2014,SABAH,Own account worker,328.9
2014,SABAH,Unpaid family worker,117.8
2014,SARAWAK,Total,1232.2
2014,SARAWAK,Employer,32.6
2014,SARAWAK,Employee,874.3
2014,SARAWAK,Own account worker,201.4
2014,SARAWAK,Unpaid family worker,124
2014,W.P.KUALA LUMPUR,Total,852
2014,W.P.KUALA LUMPUR,Employer,38.6
2014,W.P.KUALA LUMPUR,Employee,729.5
2014,W.P.KUALA LUMPUR,Own account worker,74.6
2014,W.P.KUALA LUMPUR,Unpaid family worker,9.3
2014,W.P.LABUAN,Total,40.8
2014,W.P.LABUAN,Employer,0.9
2014,W.P.LABUAN,Employee,35.5
2014,W.P.LABUAN,Own account worker,4.2
2014,W.P.LABUAN,Unpaid family worker,0.2
2014,W.P.PUTRAJAYA,Total,40.3
2014,W.P.PUTRAJAYA,Employer,0.5
2014,W.P.PUTRAJAYA,Employee,38.4
2014,W.P.PUTRAJAYA,Own account worker,1.4
2014,W.P.PUTRAJAYA,Unpaid family worker,0
2013,MALAYSIA,Total,13545.4
2013,MALAYSIA,Employer,523.9
2013,MALAYSIA,Employee,10073.5
2013,MALAYSIA,Own account worker,2316.8
2013,MALAYSIA,Unpaid family worker,631.3
2013,JOHOR,Total,1553.4
2013,JOHOR,Employer,62.2
2013,JOHOR,Employee,1220
2013,JOHOR,Own account worker,233.8
2013,JOHOR,Unpaid family worker,37.5
2013,KEDAH,Total,842.3
2013,KEDAH,Employer,30
2013,KEDAH,Employee,545.7
2013,KEDAH,Own account worker,226.4
2013,KEDAH,Unpaid family worker,40.3
2013,KELANTAN,Total,602.7
2013,KELANTAN,Employer,17
2013,KELANTAN,Employee,330
2013,KELANTAN,Own account worker,182.8
2013,KELANTAN,Unpaid family worker,72.8
2013,MELAKA,Total,375.5
2013,MELAKA,Employer,14.1
2013,MELAKA,Employee,280.6
2013,MELAKA,Own account worker,61
2013,MELAKA,Unpaid family worker,19.7
2013,NEGERI SEMBILAN,Total,464.1
2013,NEGERI SEMBILAN,Employer,17.7
2013,NEGERI SEMBILAN,Employee,338.2
2013,NEGERI SEMBILAN,Own account worker,85
2013,NEGERI SEMBILAN,Unpaid family worker,23.2
2013,PAHANG,Total,659.8
2013,PAHANG,Employer,34.7
2013,PAHANG,Employee,432.4
2013,PAHANG,Own account worker,152.9
2013,PAHANG,Unpaid family worker,39.6
2013,PULAU PINANG,Total,811.9
2013,PULAU PINANG,Employer,28
2013,PULAU PINANG,Employee,646.5
2013,PULAU PINANG,Own account worker,108.5
2013,PULAU PINANG,Unpaid family worker,28.8
2013,PERAK,Total,947.8
2013,PERAK,Employer,34.8
2013,PERAK,Employee,676.9
2013,PERAK,Own account worker,191.2
2013,PERAK,Unpaid family worker,45
2013,PERLIS,Total,94.3
2013,PERLIS,Employer,2.4
2013,PERLIS,Employee,57.2
2013,PERLIS,Own account worker,29.6
2013,PERLIS,Unpaid family worker,5
2013,SELANGOR,Total,2933.3
2013,SELANGOR,Employer,150.5
2013,SELANGOR,Employee,2438.4
2013,SELANGOR,Own account worker,307.6
2013,SELANGOR,Unpaid family worker,36.8
2013,TERENGGANU,Total,407
2013,TERENGGANU,Employer,16
2013,TERENGGANU,Employee,276.5
2013,TERENGGANU,Own account worker,93.4
2013,TERENGGANU,Unpaid family worker,21.2
2013,SABAH,Total,1706
2013,SABAH,Employer,40
2013,SABAH,Employee,1207.7
2013,SABAH,Own account worker,336.9
2013,SABAH,Unpaid family worker,121.4
2013,SARAWAK,Total,1188.5
2013,SARAWAK,Employer,33.5
2013,SARAWAK,Employee,801
2013,SARAWAK,Own account worker,223.1
2013,SARAWAK,Unpaid family worker,131
2013,W.P.KUALA LUMPUR,Total,877.8
2013,W.P.KUALA LUMPUR,Employer,41.5
2013,W.P.KUALA LUMPUR,Employee,749
2013,W.P.KUALA LUMPUR,Own account worker,78.9
2013,W.P.KUALA LUMPUR,Unpaid family worker,8.4
2013,W.P.LABUAN,Total,40.1
2013,W.P.LABUAN,Employer,1
2013,W.P.LABUAN,Employee,34.7
2013,W.P.LABUAN,Own account worker,3.9
2013,W.P.LABUAN,Unpaid family worker,0.5
2013,W.P.PUTRAJAYA,Total,40.7
2013,W.P.PUTRAJAYA,Employer,0.5
2013,W.P.PUTRAJAYA,Employee,38.7
2013,W.P.PUTRAJAYA,Own account worker,1.6
2013,W.P.PUTRAJAYA,Unpaid family worker,0
2012,MALAYSIA,Total,12820.5
2012,MALAYSIA,Employer,476.2
2012,MALAYSIA,Employee,9620
2012,MALAYSIA,Own account worker,2117.3
2012,MALAYSIA,Unpaid family worker,607
2012,JOHOR,Total,1481.5
2012,JOHOR,Employer,58.5
2012,JOHOR,Employee,1184.7
2012,JOHOR,Own account worker,197.1
2012,JOHOR,Unpaid family worker,41.2
2012,KEDAH,Total,786.9
2012,KEDAH,Employer,29.4
2012,KEDAH,Employee,510.7
2012,KEDAH,Own account worker,209.1
2012,KEDAH,Unpaid family worker,37.8
2012,KELANTAN,Total,578.7
2012,KELANTAN,Employer,15.9
2012,KELANTAN,Employee,311.9
2012,KELANTAN,Own account worker,180.7
2012,KELANTAN,Unpaid family worker,70.2
2012,MELAKA,Total,357
2012,MELAKA,Employer,15
2012,MELAKA,Employee,276.6
2012,MELAKA,Own account worker,48.9
2012,MELAKA,Unpaid family worker,16.6
2012,NEGERI SEMBILAN,Total,442.1
2012,NEGERI SEMBILAN,Employer,14.8
2012,NEGERI SEMBILAN,Employee,326.2
2012,NEGERI SEMBILAN,Own account worker,83.5
2012,NEGERI SEMBILAN,Unpaid family worker,17.7
2012,PAHANG,Total,633.1
2012,PAHANG,Employer,31.9
2012,PAHANG,Employee,429.6
2012,PAHANG,Own account worker,132.1
2012,PAHANG,Unpaid family worker,39.4
2012,PULAU PINANG,Total,779.8
2012,PULAU PINANG,Employer,24.9
2012,PULAU PINANG,Employee,628.1
2012,PULAU PINANG,Own account worker,100.8
2012,PULAU PINANG,Unpaid family worker,26.1
2012,PERAK,Total,927.1
2012,PERAK,Employer,36.7
2012,PERAK,Employee,665
2012,PERAK,Own account worker,177.4
2012,PERAK,Unpaid family worker,48
2012,PERLIS,Total,87.1
2012,PERLIS,Employer,2
2012,PERLIS,Employee,53.9
2012,PERLIS,Own account worker,26.6
2012,PERLIS,Unpaid family worker,4.5
2012,SELANGOR,Total,2776.1
2012,SELANGOR,Employer,121.7
2012,SELANGOR,Employee,2346
2012,SELANGOR,Own account worker,276.7
2012,SELANGOR,Unpaid family worker,31.6
2012,TERENGGANU,Total,389.6
2012,TERENGGANU,Employer,16.5
2012,TERENGGANU,Employee,269.6
2012,TERENGGANU,Own account worker,83.5
2012,TERENGGANU,Unpaid family worker,20
2012,SABAH,Total,1537.4
2012,SABAH,Employer,39.3
2012,SABAH,Employee,1066.5
2012,SABAH,Own account worker,304.2
2012,SABAH,Unpaid family worker,127.4
2012,SARAWAK,Total,1143.9
2012,SARAWAK,Employer,32.9
2012,SARAWAK,Employee,773.5
2012,SARAWAK,Own account worker,217.5
2012,SARAWAK,Unpaid family worker,120.1
2012,W.P.KUALA LUMPUR,Total,820.4
2012,W.P.KUALA LUMPUR,Employer,35.3
2012,W.P.KUALA LUMPUR,Employee,704.4
2012,W.P.KUALA LUMPUR,Own account worker,74.7
2012,W.P.KUALA LUMPUR,Unpaid family worker,5.9
2012,W.P.LABUAN,Total,39.4
2012,W.P.LABUAN,Employer,0.9
2012,W.P.LABUAN,Employee,34.5
2012,W.P.LABUAN,Own account worker,3.5
2012,W.P.LABUAN,Unpaid family worker,0.5
2012,W.P.PUTRAJAYA,Total,40.3
2012,W.P.PUTRAJAYA,Employer,0.6
2012,W.P.PUTRAJAYA,Employee,38.6
2012,W.P.PUTRAJAYA,Own account worker,1.1
2012,W.P.PUTRAJAYA,Unpaid family worker,0
2011,MALAYSIA,Total,12351.5
2011,MALAYSIA,Employer,446.1
2011,MALAYSIA,Employee,9483.7
2011,MALAYSIA,Own account worker,1907.4
2011,MALAYSIA,Unpaid family worker,514.3
2011,JOHOR,Total,1461.9
2011,JOHOR,Employer,52.1
2011,JOHOR,Employee,1193.8
2011,JOHOR,Own account worker,178.1
2011,JOHOR,Unpaid family worker,37.9
2011,KEDAH,Total,743.4
2011,KEDAH,Employer,21.1
2011,KEDAH,Employee,520
2011,KEDAH,Own account worker,171.5
2011,KEDAH,Unpaid family worker,30.7
2011,KELANTAN,Total,544.6
2011,KELANTAN,Employer,21.5
2011,KELANTAN,Employee,312.6
2011,KELANTAN,Own account worker,158.9
2011,KELANTAN,Unpaid family worker,51.7
2011,MELAKA,Total,340.8
2011,MELAKA,Employer,12.3
2011,MELAKA,Employee,268.1
2011,MELAKA,Own account worker,46.2
2011,MELAKA,Unpaid family worker,14.2
2011,NEGERI SEMBILAN,Total,416.1
2011,NEGERI SEMBILAN,Employer,15
2011,NEGERI SEMBILAN,Employee,314.1
2011,NEGERI SEMBILAN,Own account worker,68.4
2011,NEGERI SEMBILAN,Unpaid family worker,18.6
2011,PAHANG,Total,608.4
2011,PAHANG,Employer,27.4
2011,PAHANG,Employee,419.9
2011,PAHANG,Own account worker,125.4
2011,PAHANG,Unpaid family worker,35.7
2011,PULAU PINANG,Total,772.8
2011,PULAU PINANG,Employer,27.2
2011,PULAU PINANG,Employee,626.4
2011,PULAU PINANG,Own account worker,94.2
2011,PULAU PINANG,Unpaid family worker,24.9
2011,PERAK,Total,919.7
2011,PERAK,Employer,39.5
2011,PERAK,Employee,675.8
2011,PERAK,Own account worker,162.7
2011,PERAK,Unpaid family worker,41.7
2011,PERLIS,Total,83.3
2011,PERLIS,Employer,2
2011,PERLIS,Employee,52.2
2011,PERLIS,Own account worker,25.5
2011,PERLIS,Unpaid family worker,3.7
2011,SELANGOR,Total,2645.2
2011,SELANGOR,Employer,101.8
2011,SELANGOR,Employee,2250.3
2011,SELANGOR,Own account worker,263.9
2011,SELANGOR,Unpaid family worker,29.3
2011,TERENGGANU,Total,390.3
2011,TERENGGANU,Employer,19.3
2011,TERENGGANU,Employee,272.8
2011,TERENGGANU,Own account worker,77.2
2011,TERENGGANU,Unpaid family worker,20.9
2011,SABAH,Total,1474.4
2011,SABAH,Employer,37.9
2011,SABAH,Employee,1063.7
2011,SABAH,Own account worker,270.9
2011,SABAH,Unpaid family worker,101.9
2011,SARAWAK,Total,1058.1
2011,SARAWAK,Employer,27.4
2011,SARAWAK,Employee,747.5
2011,SARAWAK,Own account worker,185.9
2011,SARAWAK,Unpaid family worker,97.3
2011,W.P.KUALA LUMPUR,Total,812.5
2011,W.P.KUALA LUMPUR,Employer,40
2011,W.P.KUALA LUMPUR,Employee,692.9
2011,W.P.KUALA LUMPUR,Own account worker,74.2
2011,W.P.KUALA LUMPUR,Unpaid family worker,5.4
2011,W.P.LABUAN,Total,38.6
2011,W.P.LABUAN,Employer,1
2011,W.P.LABUAN,Employee,33.7
2011,W.P.LABUAN,Own account worker,3.3
2011,W.P.LABUAN,Unpaid family worker,0.6
2011,W.P.PUTRAJAYA,Total,41.4
2011,W.P.PUTRAJAYA,Employer,0.7
2011,W.P.PUTRAJAYA,Employee,39.9
2011,W.P.PUTRAJAYA,Own account worker,0.9
2011,W.P.PUTRAJAYA,Unpaid family worker,0
2010,MALAYSIA,Total,11899.5
2010,MALAYSIA,Employer,439.3
2010,MALAYSIA,Employee,9010.2
2010,MALAYSIA,Own account worker,1954.7
2010,MALAYSIA,Unpaid family worker,495.4
2010,JOHOR,Total,1418.8
2010,JOHOR,Employer,47.7
2010,JOHOR,Employee,1133.4
2010,JOHOR,Own account worker,201.3
2010,JOHOR,Unpaid family worker,36.3
2010,KEDAH,Total,725.7
2010,KEDAH,Employer,20.8
2010,KEDAH,Employee,502.5
2010,KEDAH,Own account worker,174.5
2010,KEDAH,Unpaid family worker,27.8
2010,KELANTAN,Total,534.2
2010,KELANTAN,Employer,19.4
2010,KELANTAN,Employee,294.8
2010,KELANTAN,Own account worker,166.2
2010,KELANTAN,Unpaid family worker,53.8
2010,MELAKA,Total,335.1
2010,MELAKA,Employer,11.8
2010,MELAKA,Employee,263.9
2010,MELAKA,Own account worker,45.6
2010,MELAKA,Unpaid family worker,13.7
2010,NEGERI SEMBILAN,Total,405.4
2010,NEGERI SEMBILAN,Employer,19
2010,NEGERI SEMBILAN,Employee,293.6
2010,NEGERI SEMBILAN,Own account worker,72.9
2010,NEGERI SEMBILAN,Unpaid family worker,19.9
2010,PAHANG,Total,591
2010,PAHANG,Employer,25.4
2010,PAHANG,Employee,399.2
2010,PAHANG,Own account worker,137
2010,PAHANG,Unpaid family worker,29.5
2010,PULAU PINANG,Total,742.3
2010,PULAU PINANG,Employer,28
2010,PULAU PINANG,Employee,596.9
2010,PULAU PINANG,Own account worker,91.6
2010,PULAU PINANG,Unpaid family worker,25.8
2010,PERAK,Total,878.7
2010,PERAK,Employer,43
2010,PERAK,Employee,628.3
2010,PERAK,Own account worker,165.7
2010,PERAK,Unpaid family worker,41.6
2010,PERLIS,Total,80.9
2010,PERLIS,Employer,2.9
2010,PERLIS,Employee,52.4
2010,PERLIS,Own account worker,22.1
2010,PERLIS,Unpaid family worker,3.5
2010,SELANGOR,Total,2551.1
2010,SELANGOR,Employer,99.3
2010,SELANGOR,Employee,2156.4
2010,SELANGOR,Own account worker,270.7
2010,SELANGOR,Unpaid family worker,24.8
2010,TERENGGANU,Total,366.6
2010,TERENGGANU,Employer,16
2010,TERENGGANU,Employee,255.7
2010,TERENGGANU,Own account worker,76.5
2010,TERENGGANU,Unpaid family worker,18.3
2010,SABAH,Total,1398.6
2010,SABAH,Employer,36.2
2010,SABAH,Employee,1017.5
2010,SABAH,Own account worker,260.7
2010,SABAH,Unpaid family worker,84.2
2010,SARAWAK,Total,1045.6
2010,SARAWAK,Employer,27.5
2010,SARAWAK,Employee,714.5
2010,SARAWAK,Own account worker,196.8
2010,SARAWAK,Unpaid family worker,106.8
2010,W.P.KUALA LUMPUR,Total,788
2010,W.P.KUALA LUMPUR,Employer,40.5
2010,W.P.KUALA LUMPUR,Employee,667.9
2010,W.P.KUALA LUMPUR,Own account worker,70.6
2010,W.P.KUALA LUMPUR,Unpaid family worker,9
2010,W.P.LABUAN,Total,37.6
2010,W.P.LABUAN,Employer,1.6
2010,W.P.LABUAN,Employee,33
2010,W.P.LABUAN,Own account worker,2.6
2010,W.P.LABUAN,Unpaid family worker,0.5
2009,MALAYSIA,Total,10897.3
2009,MALAYSIA,Employer,399.4
2009,MALAYSIA,Employee,8153.6
2009,MALAYSIA,Own account worker,1862.7
2009,MALAYSIA,Unpaid family worker,481.7
2009,JOHOR,Total,1306.3
2009,JOHOR,Employer,47.4
2009,JOHOR,Employee,1034.8
2009,JOHOR,Own account worker,192.3
2009,JOHOR,Unpaid family worker,31.8
2009,KEDAH,Total,701.5
2009,KEDAH,Employer,17.9
2009,KEDAH,Employee,485.1
2009,KEDAH,Own account worker,167.6
2009,KEDAH,Unpaid family worker,31
2009,KELANTAN,Total,505.2
2009,KELANTAN,Employer,17.8
2009,KELANTAN,Employee,292.9
2009,KELANTAN,Own account worker,140
2009,KELANTAN,Unpaid family worker,54.5
2009,MELAKA,Total,284
2009,MELAKA,Employer,9.1
2009,MELAKA,Employee,227.7
2009,MELAKA,Own account worker,37.5
2009,MELAKA,Unpaid family worker,9.6
2009,NEGERI SEMBILAN,Total,386.5
2009,NEGERI SEMBILAN,Employer,17.6
2009,NEGERI SEMBILAN,Employee,284
2009,NEGERI SEMBILAN,Own account worker,66.2
2009,NEGERI SEMBILAN,Unpaid family worker,18.7
2009,PAHANG,Total,603.7
2009,PAHANG,Employer,25
2009,PAHANG,Employee,410.6
2009,PAHANG,Own account worker,131.7
2009,PAHANG,Unpaid family worker,36.5
2009,PULAU PINANG,Total,689.8
2009,PULAU PINANG,Employer,25.5
2009,PULAU PINANG,Employee,554.8
2009,PULAU PINANG,Own account worker,84.4
2009,PULAU PINANG,Unpaid family worker,25
2009,PERAK,Total,891.6
2009,PERAK,Employer,28.5
2009,PERAK,Employee,636
2009,PERAK,Own account worker,175.9
2009,PERAK,Unpaid family worker,51.2
2009,PERLIS,Total,81.5
2009,PERLIS,Employer,3.2
2009,PERLIS,Employee,53.5
2009,PERLIS,Own account worker,21.3
2009,PERLIS,Unpaid family worker,3.5
2009,SELANGOR,Total,2095.3
2009,SELANGOR,Employer,87.1
2009,SELANGOR,Employee,1732.5
2009,SELANGOR,Own account worker,251.5
2009,SELANGOR,Unpaid family worker,24.1
2009,TERENGGANU,Total,390.3
2009,TERENGGANU,Employer,15.6
2009,TERENGGANU,Employee,270.9
2009,TERENGGANU,Own account worker,86.4
2009,TERENGGANU,Unpaid family worker,17.5
2009,SABAH,Total,1270.6
2009,SABAH,Employer,35.9
2009,SABAH,Employee,910.9
2009,SABAH,Own account worker,248.8
2009,SABAH,Unpaid family worker,75
2009,SARAWAK,Total,977.5
2009,SARAWAK,Employer,28.5
2009,SARAWAK,Employee,662.4
2009,SARAWAK,Own account worker,191.3
2009,SARAWAK,Unpaid family worker,95.4
2009,W.P.KUALA LUMPUR,Total,678.1
2009,W.P.KUALA LUMPUR,Employer,38.7
2009,W.P.KUALA LUMPUR,Employee,566.4
2009,W.P.KUALA LUMPUR,Own account worker,65.6
2009,W.P.KUALA LUMPUR,Unpaid family worker,7.4
2009,W.P.LABUAN,Total,35.5
2009,W.P.LABUAN,Employer,1.6
2009,W.P.LABUAN,Employee,31.2
2009,W.P.LABUAN,Own account worker,2.3
2009,W.P.LABUAN,Unpaid family worker,0.4
2008,MALAYSIA,Total,10659.6
2008,MALAYSIA,Employer,371.4
2008,MALAYSIA,Employee,7951.1
2008,MALAYSIA,Own account worker,1851.1
2008,MALAYSIA,Unpaid family worker,486
2008,JOHOR,Total,1283.8
2008,JOHOR,Employer,41.9
2008,JOHOR,Employee,1030.3
2008,JOHOR,Own account worker,182.2
2008,JOHOR,Unpaid family worker,29.3
2008,KEDAH,Total,676
2008,KEDAH,Employer,19
2008,KEDAH,Employee,463.3
2008,KEDAH,Own account worker,165.6
2008,KEDAH,Unpaid family worker,28.1
2008,KELANTAN,Total,486.4
2008,KELANTAN,Employer,15
2008,KELANTAN,Employee,275.5
2008,KELANTAN,Own account worker,142.8
2008,KELANTAN,Unpaid family worker,53.2
2008,MELAKA,Total,286.8
2008,MELAKA,Employer,10.2
2008,MELAKA,Employee,223.2
2008,MELAKA,Own account worker,41.4
2008,MELAKA,Unpaid family worker,11.9
2008,NEGERI SEMBILAN,Total,387.1
2008,NEGERI SEMBILAN,Employer,17.3
2008,NEGERI SEMBILAN,Employee,284.8
2008,NEGERI SEMBILAN,Own account worker,64.6
2008,NEGERI SEMBILAN,Unpaid family worker,20.4
2008,PAHANG,Total,589.8
2008,PAHANG,Employer,22.9
2008,PAHANG,Employee,392.6
2008,PAHANG,Own account worker,133.6
2008,PAHANG,Unpaid family worker,40.7
2008,PULAU PINANG,Total,674.9
2008,PULAU PINANG,Employer,26.2
2008,PULAU PINANG,Employee,548.8
2008,PULAU PINANG,Own account worker,76.7
2008,PULAU PINANG,Unpaid family worker,23.3
2008,PERAK,Total,858.9
2008,PERAK,Employer,20.8
2008,PERAK,Employee,609.8
2008,PERAK,Own account worker,169.3
2008,PERAK,Unpaid family worker,59
2008,PERLIS,Total,81.5
2008,PERLIS,Employer,2.3
2008,PERLIS,Employee,54.7
2008,PERLIS,Own account worker,21.4
2008,PERLIS,Unpaid family worker,3.1
2008,SELANGOR,Total,2092
2008,SELANGOR,Employer,83.7
2008,SELANGOR,Employee,1725.6
2008,SELANGOR,Own account worker,252
2008,SELANGOR,Unpaid family worker,30.7
2008,TERENGGANU,Total,375.5
2008,TERENGGANU,Employer,14.9
2008,TERENGGANU,Employee,257.2
2008,TERENGGANU,Own account worker,83
2008,TERENGGANU,Unpaid family worker,20.4
2008,SABAH,Total,1230.5
2008,SABAH,Employer,34.7
2008,SABAH,Employee,875.3
2008,SABAH,Own account worker,249.4
2008,SABAH,Unpaid family worker,71
2008,SARAWAK,Total,921.7
2008,SARAWAK,Employer,26.6
2008,SARAWAK,Employee,617.8
2008,SARAWAK,Own account worker,192.9
2008,SARAWAK,Unpaid family worker,84.4
2008,W.P.KUALA LUMPUR,Total,682.2
2008,W.P.KUALA LUMPUR,Employer,34.7
2008,W.P.KUALA LUMPUR,Employee,564.4
2008,W.P.KUALA LUMPUR,Own account worker,72.8
2008,W.P.KUALA LUMPUR,Unpaid family worker,10.2
2008,W.P.LABUAN,Total,32.5
2008,W.P.LABUAN,Employer,1.2
2008,W.P.LABUAN,Employee,27.7
2008,W.P.LABUAN,Own account worker,3.5
2008,W.P.LABUAN,Unpaid family worker,0.1
2007,MALAYSIA,Total,10538.1
2007,MALAYSIA,Employer,362.5
2007,MALAYSIA,Employee,7824
2007,MALAYSIA,Own account worker,1831.5
2007,MALAYSIA,Unpaid family worker,520.1
2007,JOHOR,Total,1286.7
2007,JOHOR,Employer,48.5
2007,JOHOR,Employee,1027.8
2007,JOHOR,Own account worker,178.1
2007,JOHOR,Unpaid family worker,32.3
2007,KEDAH,Total,670.4
2007,KEDAH,Employer,10.9
2007,KEDAH,Employee,458.9
2007,KEDAH,Own account worker,169.8
2007,KEDAH,Unpaid family worker,30.8
2007,KELANTAN,Total,473.1
2007,KELANTAN,Employer,13.1
2007,KELANTAN,Employee,263.7
2007,KELANTAN,Own account worker,147.8
2007,KELANTAN,Unpaid family worker,48.4
2007,MELAKA,Total,284.3
2007,MELAKA,Employer,9.1
2007,MELAKA,Employee,224.5
2007,MELAKA,Own account worker,39.6
2007,MELAKA,Unpaid family worker,11.1
2007,NEGERI SEMBILAN,Total,381.6
2007,NEGERI SEMBILAN,Employer,18.4
2007,NEGERI SEMBILAN,Employee,271.1
2007,NEGERI SEMBILAN,Own account worker,68.4
2007,NEGERI SEMBILAN,Unpaid family worker,23.6
2007,PAHANG,Total,561.9
2007,PAHANG,Employer,30.1
2007,PAHANG,Employee,384.9
2007,PAHANG,Own account worker,113.3
2007,PAHANG,Unpaid family worker,33.6
2007,PULAU PINANG,Total,653.5
2007,PULAU PINANG,Employer,25.1
2007,PULAU PINANG,Employee,529.5
2007,PULAU PINANG,Own account worker,77.7
2007,PULAU PINANG,Unpaid family worker,21.3
2007,PERAK,Total,852.2
2007,PERAK,Employer,21.1
2007,PERAK,Employee,585.3
2007,PERAK,Own account worker,180.2
2007,PERAK,Unpaid family worker,65.6
2007,PERLIS,Total,80
2007,PERLIS,Employer,2.6
2007,PERLIS,Employee,53.4
2007,PERLIS,Own account worker,20.3
2007,PERLIS,Unpaid family worker,3.7
2007,SELANGOR,Total,2064.2
2007,SELANGOR,Employer,83.9
2007,SELANGOR,Employee,1694.3
2007,SELANGOR,Own account worker,255.5
2007,SELANGOR,Unpaid family worker,30.5
2007,TERENGGANU,Total,363
2007,TERENGGANU,Employer,12
2007,TERENGGANU,Employee,243.6
2007,TERENGGANU,Own account worker,85.8
2007,TERENGGANU,Unpaid family worker,21.6
2007,SABAH,Total,1198.6
2007,SABAH,Employer,28.2
2007,SABAH,Employee,852.1
2007,SABAH,Own account worker,233.6
2007,SABAH,Unpaid family worker,84.7
2007,SARAWAK,Total,954.1
2007,SARAWAK,Employer,28.2
2007,SARAWAK,Employee,624.8
2007,SARAWAK,Own account worker,194.2
2007,SARAWAK,Unpaid family worker,106.9
2007,W.P.KUALA LUMPUR,Total,682.1
2007,W.P.KUALA LUMPUR,Employer,30.5
2007,W.P.KUALA LUMPUR,Employee,582.8
2007,W.P.KUALA LUMPUR,Own account worker,63.3
2007,W.P.KUALA LUMPUR,Unpaid family worker,5.5
2007,W.P.LABUAN,Total,32.6
2007,W.P.LABUAN,Employer,0.9
2007,W.P.LABUAN,Employee,27.4
2007,W.P.LABUAN,Own account worker,3.9
2007,W.P.LABUAN,Unpaid family worker,0.3
2006,MALAYSIA,Total,10275.4
2006,MALAYSIA,Employer,396.9
2006,MALAYSIA,Employee,7632.9
2006,MALAYSIA,Own account worker,1733.4
2006,MALAYSIA,Unpaid family worker,512.2
2006,JOHOR,Total,1258.1
2006,JOHOR,Employer,40.1
2006,JOHOR,Employee,1009.4
2006,JOHOR,Own account worker,174.8
2006,JOHOR,Unpaid family worker,33.8
2006,KEDAH,Total,656.8
2006,KEDAH,Employer,18.8
2006,KEDAH,Employee,437.6
2006,KEDAH,Own account worker,168.6
2006,KEDAH,Unpaid family worker,31.8
2006,KELANTAN,Total,458.4
2006,KELANTAN,Employer,13.6
2006,KELANTAN,Employee,249.7
2006,KELANTAN,Own account worker,139.7
2006,KELANTAN,Unpaid family worker,55.3
2006,MELAKA,Total,273.1
2006,MELAKA,Employer,8.8
2006,MELAKA,Employee,220.4
2006,MELAKA,Own account worker,35.9
2006,MELAKA,Unpaid family worker,8.1
2006,NEGERI SEMBILAN,Total,378.7
2006,NEGERI SEMBILAN,Employer,17.3
2006,NEGERI SEMBILAN,Employee,276.4
2006,NEGERI SEMBILAN,Own account worker,63.4
2006,NEGERI SEMBILAN,Unpaid family worker,21.6
2006,PAHANG,Total,557.4
2006,PAHANG,Employer,38.5
2006,PAHANG,Employee,374.9
2006,PAHANG,Own account worker,104.6
2006,PAHANG,Unpaid family worker,39.5
2006,PULAU PINANG,Total,647.7
2006,PULAU PINANG,Employer,26.6
2006,PULAU PINANG,Employee,523.2
2006,PULAU PINANG,Own account worker,77.1
2006,PULAU PINANG,Unpaid family worker,20.7
2006,PERAK,Total,815.9
2006,PERAK,Employer,26.4
2006,PERAK,Employee,585.2
2006,PERAK,Own account worker,153.5
2006,PERAK,Unpaid family worker,50.8
2006,PERLIS,Total,74.5
2006,PERLIS,Employer,2
2006,PERLIS,Employee,46.9
2006,PERLIS,Own account worker,22.4
2006,PERLIS,Unpaid family worker,3.3
2006,SELANGOR,Total,2017.7
2006,SELANGOR,Employer,93.4
2006,SELANGOR,Employee,1675.7
2006,SELANGOR,Own account worker,217.6
2006,SELANGOR,Unpaid family worker,30.9
2006,TERENGGANU,Total,351.6
2006,TERENGGANU,Employer,11.4
2006,TERENGGANU,Employee,236.5
2006,TERENGGANU,Own account worker,82.7
2006,TERENGGANU,Unpaid family worker,20.9
2006,SABAH,Total,1160.2
2006,SABAH,Employer,31
2006,SABAH,Employee,827.2
2006,SABAH,Own account worker,224.2
2006,SABAH,Unpaid family worker,77.7
2006,SARAWAK,Total,918.3
2006,SARAWAK,Employer,29.5
2006,SARAWAK,Employee,580.3
2006,SARAWAK,Own account worker,200.7
2006,SARAWAK,Unpaid family worker,107.8
2006,W.P.KUALA LUMPUR,Total,676.6
2006,W.P.KUALA LUMPUR,Employer,38.7
2006,W.P.KUALA LUMPUR,Employee,562.9
2006,W.P.KUALA LUMPUR,Own account worker,65.2
2006,W.P.KUALA LUMPUR,Unpaid family worker,9.9
2006,W.P.LABUAN,Total,30.5
2006,W.P.LABUAN,Employer,0.9
2006,W.P.LABUAN,Employee,26.5
2006,W.P.LABUAN,Own account worker,3
2006,W.P.LABUAN,Unpaid family worker,0.2
2005,MALAYSIA,Total,10045.4
2005,MALAYSIA,Employer,337
2005,MALAYSIA,Employee,7583.4
2005,MALAYSIA,Own account worker,1671.7
2005,MALAYSIA,Unpaid family worker,453.2
2005,JOHOR,Total,1237.1
2005,JOHOR,Employer,47.8
2005,JOHOR,Employee,1000.9
2005,JOHOR,Own account worker,158.8
2005,JOHOR,Unpaid family worker,29.5
2005,KEDAH,Total,652.8
2005,KEDAH,Employer,16.3
2005,KEDAH,Employee,440
2005,KEDAH,Own account worker,162.9
2005,KEDAH,Unpaid family worker,33.6
2005,KELANTAN,Total,438.8
2005,KELANTAN,Employer,11.3
2005,KELANTAN,Employee,240.3
2005,KELANTAN,Own account worker,138.8
2005,KELANTAN,Unpaid family worker,48.4
2005,MELAKA,Total,271.1
2005,MELAKA,Employer,7.1
2005,MELAKA,Employee,217.8
2005,MELAKA,Own account worker,35.6
2005,MELAKA,Unpaid family worker,10.6
2005,NEGERI SEMBILAN,Total,372.8
2005,NEGERI SEMBILAN,Employer,15.3
2005,NEGERI SEMBILAN,Employee,277.4
2005,NEGERI SEMBILAN,Own account worker,60.6
2005,NEGERI SEMBILAN,Unpaid family worker,19.5
2005,PAHANG,Total,524.7
2005,PAHANG,Employer,20.8
2005,PAHANG,Employee,366
2005,PAHANG,Own account worker,116.7
2005,PAHANG,Unpaid family worker,21.2
2005,PULAU PINANG,Total,621.5
2005,PULAU PINANG,Employer,19.3
2005,PULAU PINANG,Employee,513.9
2005,PULAU PINANG,Own account worker,73.4
2005,PULAU PINANG,Unpaid family worker,14.8
2005,PERAK,Total,801.2
2005,PERAK,Employer,21.5
2005,PERAK,Employee,599.4
2005,PERAK,Own account worker,140.8
2005,PERAK,Unpaid family worker,39.5
2005,PERLIS,Total,74
2005,PERLIS,Employer,1
2005,PERLIS,Employee,50.7
2005,PERLIS,Own account worker,20.3
2005,PERLIS,Unpaid family worker,2
2005,SELANGOR,Total,1985.9
2005,SELANGOR,Employer,78.7
2005,SELANGOR,Employee,1657.4
2005,SELANGOR,Own account worker,217.9
2005,SELANGOR,Unpaid family worker,31.9
2005,TERENGGANU,Total,342
2005,TERENGGANU,Employer,10.7
2005,TERENGGANU,Employee,227.3
2005,TERENGGANU,Own account worker,80.6
2005,TERENGGANU,Unpaid family worker,23.4
2005,SABAH,Total,1106.8
2005,SABAH,Employer,28.7
2005,SABAH,Employee,801.5
2005,SABAH,Own account worker,215.3
2005,SABAH,Unpaid family worker,61.4
2005,SARAWAK,Total,910.9
2005,SARAWAK,Employer,25.6
2005,SARAWAK,Employee,587.7
2005,SARAWAK,Own account worker,186.9
2005,SARAWAK,Unpaid family worker,110.8
2005,W.P.KUALA LUMPUR,Total,675.2
2005,W.P.KUALA LUMPUR,Employer,31.9
2005,W.P.KUALA LUMPUR,Employee,577.3
2005,W.P.KUALA LUMPUR,Own account worker,60.2
2005,W.P.KUALA LUMPUR,Unpaid family worker,5.8
2005,W.P.LABUAN,Total,30.5
2005,W.P.LABUAN,Employer,1.1
2005,W.P.LABUAN,Employee,25.9
2005,W.P.LABUAN,Own account worker,2.9
2005,W.P.LABUAN,Unpaid family worker,0.6
2004,MALAYSIA,Total,9979.5
2004,MALAYSIA,Employer,354.7
2004,MALAYSIA,Employee,7445
2004,MALAYSIA,Own account worker,1678.1
2004,MALAYSIA,Unpaid family worker,501.7
2004,JOHOR,Total,1232.6
2004,JOHOR,Employer,46.8
2004,JOHOR,Employee,986.6
2004,JOHOR,Own account worker,166.3
2004,JOHOR,Unpaid family worker,32.9
2004,KEDAH,Total,654.5
2004,KEDAH,Employer,18.7
2004,KEDAH,Employee,439.2
2004,KEDAH,Own account worker,164.2
2004,KEDAH,Unpaid family worker,32.4
2004,KELANTAN,Total,436.6
2004,KELANTAN,Employer,13.7
2004,KELANTAN,Employee,232.3
2004,KELANTAN,Own account worker,138.2
2004,KELANTAN,Unpaid family worker,52.3
2004,MELAKA,Total,265.1
2004,MELAKA,Employer,8.8
2004,MELAKA,Employee,210.9
2004,MELAKA,Own account worker,37.7
2004,MELAKA,Unpaid family worker,7.7
2004,NEGERI SEMBILAN,Total,360.3
2004,NEGERI SEMBILAN,Employer,14.6
2004,NEGERI SEMBILAN,Employee,267.5
2004,NEGERI SEMBILAN,Own account worker,56.8
2004,NEGERI SEMBILAN,Unpaid family worker,21.4
2004,PAHANG,Total,526.2
2004,PAHANG,Employer,22
2004,PAHANG,Employee,354
2004,PAHANG,Own account worker,116.8
2004,PAHANG,Unpaid family worker,33.4
2004,PULAU PINANG,Total,625
2004,PULAU PINANG,Employer,22.7
2004,PULAU PINANG,Employee,506.4
2004,PULAU PINANG,Own account worker,79.5
2004,PULAU PINANG,Unpaid family worker,16.4
2004,PERAK,Total,791
2004,PERAK,Employer,24.8
2004,PERAK,Employee,572.5
2004,PERAK,Own account worker,143.4
2004,PERAK,Unpaid family worker,50.3
2004,PERLIS,Total,73.8
2004,PERLIS,Employer,1.4
2004,PERLIS,Employee,49.3
2004,PERLIS,Own account worker,21.3
2004,PERLIS,Unpaid family worker,1.7
2004,SELANGOR,Total,1973.3
2004,SELANGOR,Employer,74.4
2004,SELANGOR,Employee,1650.2
2004,SELANGOR,Own account worker,209.5
2004,SELANGOR,Unpaid family worker,39.2
2004,TERENGGANU,Total,336.9
2004,TERENGGANU,Employer,12.5
2004,TERENGGANU,Employee,213.6
2004,TERENGGANU,Own account worker,85.6
2004,TERENGGANU,Unpaid family worker,25.1
2004,SABAH,Total,1081.7
2004,SABAH,Employer,33.1
2004,SABAH,Employee,784.4
2004,SABAH,Own account worker,202.4
2004,SABAH,Unpaid family worker,61.7
2004,SARAWAK,Total,918.6
2004,SARAWAK,Employer,27.1
2004,SARAWAK,Employee,584.7
2004,SARAWAK,Own account worker,189.2
2004,SARAWAK,Unpaid family worker,117.6
2004,W.P.KUALA LUMPUR,Total,671.7
2004,W.P.KUALA LUMPUR,Employer,32.7
2004,W.P.KUALA LUMPUR,Employee,565.9
2004,W.P.KUALA LUMPUR,Own account worker,64
2004,W.P.KUALA LUMPUR,Unpaid family worker,9
2004,W.P.LABUAN,Total,32.3
2004,W.P.LABUAN,Employer,1.3
2004,W.P.LABUAN,Employee,27.3
2004,W.P.LABUAN,Own account worker,3.1
2004,W.P.LABUAN,Unpaid family worker,0.5
2003,MALAYSIA,Total,9869.7
2003,MALAYSIA,Employer,333
2003,MALAYSIA,Employee,7523.8
2003,MALAYSIA,Own account worker,1536.3
2003,MALAYSIA,Unpaid family worker,476.3
2003,JOHOR,Total,1269.1
2003,JOHOR,Employer,42.6
2003,JOHOR,Employee,1033.4
2003,JOHOR,Own account worker,161.4
2003,JOHOR,Unpaid family worker,31.7
2003,KEDAH,Total,657.7
2003,KEDAH,Employer,19.7
2003,KEDAH,Employee,461.4
2003,KEDAH,Own account worker,147.6
2003,KEDAH,Unpaid family worker,29
2003,KELANTAN,Total,475.7
2003,KELANTAN,Employer,14.7
2003,KELANTAN,Employee,267.8
2003,KELANTAN,Own account worker,139.5
2003,KELANTAN,Unpaid family worker,53.6
2003,MELAKA,Total,272.7
2003,MELAKA,Employer,9.9
2003,MELAKA,Employee,224.2
2003,MELAKA,Own account worker,30.9
2003,MELAKA,Unpaid family worker,7.8
2003,NEGERI SEMBILAN,Total,340
2003,NEGERI SEMBILAN,Employer,14.2
2003,NEGERI SEMBILAN,Employee,251.6
2003,NEGERI SEMBILAN,Own account worker,56.2
2003,NEGERI SEMBILAN,Unpaid family worker,17.8
2003,PAHANG,Total,460
2003,PAHANG,Employer,18.1
2003,PAHANG,Employee,319
2003,PAHANG,Own account worker,91.6
2003,PAHANG,Unpaid family worker,31.3
2003,PULAU PINANG,Total,674.4
2003,PULAU PINANG,Employer,27.3
2003,PULAU PINANG,Employee,559.7
2003,PULAU PINANG,Own account worker,72.4
2003,PULAU PINANG,Unpaid family worker,15
2003,PERAK,Total,734.6
2003,PERAK,Employer,22
2003,PERAK,Employee,536
2003,PERAK,Own account worker,136.6
2003,PERAK,Unpaid family worker,40
2003,PERLIS,Total,76.6
2003,PERLIS,Employer,2
2003,PERLIS,Employee,51.7
2003,PERLIS,Own account worker,20.4
2003,PERLIS,Unpaid family worker,2.5
2003,SELANGOR,Total,1834.2
2003,SELANGOR,Employer,65.4
2003,SELANGOR,Employee,1573
2003,SELANGOR,Own account worker,170.5
2003,SELANGOR,Unpaid family worker,25.3
2003,TERENGGANU,Total,344.9
2003,TERENGGANU,Employer,12.5
2003,TERENGGANU,Employee,229.6
2003,TERENGGANU,Own account worker,76.5
2003,TERENGGANU,Unpaid family worker,26.2
2003,SABAH,Total,1073.1
2003,SABAH,Employer,33.3
2003,SABAH,Employee,781.1
2003,SABAH,Own account worker,187.9
2003,SABAH,Unpaid family worker,70.8
2003,SARAWAK,Total,909.9
2003,SARAWAK,Employer,28
2003,SARAWAK,Employee,578.8
2003,SARAWAK,Own account worker,182.9
2003,SARAWAK,Unpaid family worker,120.2
2003,W.P.KUALA LUMPUR,Total,715.1
2003,W.P.KUALA LUMPUR,Employer,22.3
2003,W.P.KUALA LUMPUR,Employee,629.1
2003,W.P.KUALA LUMPUR,Own account worker,59
2003,W.P.KUALA LUMPUR,Unpaid family worker,4.6
2003,W.P.LABUAN,Total,31.8
2003,W.P.LABUAN,Employer,0.9
2003,W.P.LABUAN,Employee,27.4
2003,W.P.LABUAN,Own account worker,3
2003,W.P.LABUAN,Unpaid family worker,0.6
2002,MALAYSIA,Total,9542.6
2002,MALAYSIA,Employer,288.6
2002,MALAYSIA,Employee,7320.2
2002,MALAYSIA,Own account worker,1479.8
2002,MALAYSIA,Unpaid family worker,453.9
2002,JOHOR,Total,1222.3
2002,JOHOR,Employer,47.8
2002,JOHOR,Employee,1000.5
2002,JOHOR,Own account worker,141.3
2002,JOHOR,Unpaid family worker,32.7
2002,KEDAH,Total,645.1
2002,KEDAH,Employer,17.5
2002,KEDAH,Employee,439.5
2002,KEDAH,Own account worker,157.4
2002,KEDAH,Unpaid family worker,30.7
2002,KELANTAN,Total,422.7
2002,KELANTAN,Employer,12.5
2002,KELANTAN,Employee,236.3
2002,KELANTAN,Own account worker,131
2002,KELANTAN,Unpaid family worker,42.8
2002,MELAKA,Total,229.3
2002,MELAKA,Employer,5
2002,MELAKA,Employee,189.1
2002,MELAKA,Own account worker,28.1
2002,MELAKA,Unpaid family worker,7.2
2002,NEGERI SEMBILAN,Total,324.8
2002,NEGERI SEMBILAN,Employer,10.3
2002,NEGERI SEMBILAN,Employee,244.7
2002,NEGERI SEMBILAN,Own account worker,53.5
2002,NEGERI SEMBILAN,Unpaid family worker,16.2
2002,PAHANG,Total,406.9
2002,PAHANG,Employer,14
2002,PAHANG,Employee,279.5
2002,PAHANG,Own account worker,86
2002,PAHANG,Unpaid family worker,27.5
2002,PULAU PINANG,Total,643.1
2002,PULAU PINANG,Employer,27.4
2002,PULAU PINANG,Employee,535.5
2002,PULAU PINANG,Own account worker,65.4
2002,PULAU PINANG,Unpaid family worker,14.8
2002,PERAK,Total,788.3
2002,PERAK,Employer,22.2
2002,PERAK,Employee,599.6
2002,PERAK,Own account worker,133
2002,PERAK,Unpaid family worker,33.4
2002,PERLIS,Total,57
2002,PERLIS,Employer,1.7
2002,PERLIS,Employee,37
2002,PERLIS,Own account worker,15.9
2002,PERLIS,Unpaid family worker,2.4
2002,SELANGOR,Total,1749.9
2002,SELANGOR,Employer,47.4
2002,SELANGOR,Employee,1522.8
2002,SELANGOR,Own account worker,158.3
2002,SELANGOR,Unpaid family worker,21.4
2002,TERENGGANU,Total,279.6
2002,TERENGGANU,Employer,8.9
2002,TERENGGANU,Employee,191
2002,TERENGGANU,Own account worker,62
2002,TERENGGANU,Unpaid family worker,17.7
2002,SABAH,Total,1028.8
2002,SABAH,Employer,25.5
2002,SABAH,Employee,745
2002,SABAH,Own account worker,187.9
2002,SABAH,Unpaid family worker,70.3
2002,SARAWAK,Total,917.7
2002,SARAWAK,Employer,21.7
2002,SARAWAK,Employee,569.6
2002,SARAWAK,Own account worker,195.4
2002,SARAWAK,Unpaid family worker,131
2002,W.P.KUALA LUMPUR,Total,794.1
2002,W.P.KUALA LUMPUR,Employer,25.2
2002,W.P.KUALA LUMPUR,Employee,702.2
2002,W.P.KUALA LUMPUR,Own account worker,61.7
2002,W.P.KUALA LUMPUR,Unpaid family worker,5
2002,W.P.LABUAN,Total,32.9
2002,W.P.LABUAN,Employer,1.4
2002,W.P.LABUAN,Employee,27.9
2002,W.P.LABUAN,Own account worker,3.1
2002,W.P.LABUAN,Unpaid family worker,0.5
2001,MALAYSIA,Total,9357
2001,MALAYSIA,Employer,306.8
2001,MALAYSIA,Employee,7056.2
2001,MALAYSIA,Own account worker,1514.9
2001,MALAYSIA,Unpaid family worker,478.5
2001,JOHOR,Total,1235.9
2001,JOHOR,Employer,48.4
2001,JOHOR,Employee,1002.3
2001,JOHOR,Own account worker,155.6
2001,JOHOR,Unpaid family worker,29.6
2001,KEDAH,Total,701.1
2001,KEDAH,Employer,13.8
2001,KEDAH,Employee,494.3
2001,KEDAH,Own account worker,159.6
2001,KEDAH,Unpaid family worker,33.4
2001,KELANTAN,Total,434.3
2001,KELANTAN,Employer,13
2001,KELANTAN,Employee,236.6
2001,KELANTAN,Own account worker,139.1
2001,KELANTAN,Unpaid family worker,45.6
2001,MELAKA,Total,267.7
2001,MELAKA,Employer,9.7
2001,MELAKA,Employee,219.4
2001,MELAKA,Own account worker,29.5
2001,MELAKA,Unpaid family worker,9.1
2001,NEGERI SEMBILAN,Total,351.3
2001,NEGERI SEMBILAN,Employer,13.7
2001,NEGERI SEMBILAN,Employee,263.3
2001,NEGERI SEMBILAN,Own account worker,54.9
2001,NEGERI SEMBILAN,Unpaid family worker,19.4
2001,PAHANG,Total,437.8
2001,PAHANG,Employer,17.7
2001,PAHANG,Employee,294.7
2001,PAHANG,Own account worker,94.6
2001,PAHANG,Unpaid family worker,30.8
2001,PULAU PINANG,Total,714.9
2001,PULAU PINANG,Employer,27
2001,PULAU PINANG,Employee,592.2
2001,PULAU PINANG,Own account worker,79.2
2001,PULAU PINANG,Unpaid family worker,16.3
2001,PERAK,Total,730.7
2001,PERAK,Employer,19.5
2001,PERAK,Employee,538.1
2001,PERAK,Own account worker,130.8
2001,PERAK,Unpaid family worker,42.4
2001,PERLIS,Total,82.9
2001,PERLIS,Employer,2.6
2001,PERLIS,Employee,52.8
2001,PERLIS,Own account worker,23.4
2001,PERLIS,Unpaid family worker,4
2001,SELANGOR,Total,1514.7
2001,SELANGOR,Employer,49.8
2001,SELANGOR,Employee,1305
2001,SELANGOR,Own account worker,140
2001,SELANGOR,Unpaid family worker,19.5
2001,TERENGGANU,Total,298.6
2001,TERENGGANU,Employer,8.8
2001,TERENGGANU,Employee,207.8
2001,TERENGGANU,Own account worker,63.9
2001,TERENGGANU,Unpaid family worker,18.2
2001,SABAH,Total,979.1
2001,SABAH,Employer,27.5
2001,SABAH,Employee,676.1
2001,SABAH,Own account worker,205.3
2001,SABAH,Unpaid family worker,70.1
2001,SARAWAK,Total,877.4
2001,SARAWAK,Employer,24.8
2001,SARAWAK,Employee,533
2001,SARAWAK,Own account worker,185.5
2001,SARAWAK,Unpaid family worker,134.1
2001,W.P.KUALA LUMPUR,Total,703.7
2001,W.P.KUALA LUMPUR,Employer,30
2001,W.P.KUALA LUMPUR,Employee,616.9
2001,W.P.KUALA LUMPUR,Own account worker,51.2
2001,W.P.KUALA LUMPUR,Unpaid family worker,5.6
2001,W.P.LABUAN,Total,27.2
2001,W.P.LABUAN,Employer,0.6
2001,W.P.LABUAN,Employee,23.7
2001,W.P.LABUAN,Own account worker,2.3
2001,W.P.LABUAN,Unpaid family worker,0.6
2000,MALAYSIA,Total,9269.2
2000,MALAYSIA,Employer,275.8
2000,MALAYSIA,Employee,6882.6
2000,MALAYSIA,Own account worker,1586
2000,MALAYSIA,Unpaid family worker,524.8
2000,JOHOR,Total,1195.4
2000,JOHOR,Employer,45.2
2000,JOHOR,Employee,950.5
2000,JOHOR,Own account worker,162.4
2000,JOHOR,Unpaid family worker,37.4
2000,KEDAH,Total,626.5
2000,KEDAH,Employer,11.1
2000,KEDAH,Employee,426.3
2000,KEDAH,Own account worker,156.9
2000,KEDAH,Unpaid family worker,32.3
2000,KELANTAN,Total,425.7
2000,KELANTAN,Employer,12.6
2000,KELANTAN,Employee,211.1
2000,KELANTAN,Own account worker,149.4
2000,KELANTAN,Unpaid family worker,52.6
2000,MELAKA,Total,253.5
2000,MELAKA,Employer,8.5
2000,MELAKA,Employee,203.3
2000,MELAKA,Own account worker,32.2
2000,MELAKA,Unpaid family worker,9.6
2000,NEGERI SEMBILAN,Total,347.4
2000,NEGERI SEMBILAN,Employer,9.9
2000,NEGERI SEMBILAN,Employee,259.7
2000,NEGERI SEMBILAN,Own account worker,58.9
2000,NEGERI SEMBILAN,Unpaid family worker,18.8
2000,PAHANG,Total,446.8
2000,PAHANG,Employer,15.2
2000,PAHANG,Employee,278.6
2000,PAHANG,Own account worker,108.3
2000,PAHANG,Unpaid family worker,44.6
2000,PULAU PINANG,Total,669.2
2000,PULAU PINANG,Employer,23.9
2000,PULAU PINANG,Employee,548
2000,PULAU PINANG,Own account worker,80.5
2000,PULAU PINANG,Unpaid family worker,16.8
2000,PERAK,Total,744.1
2000,PERAK,Employer,20.8
2000,PERAK,Employee,532
2000,PERAK,Own account worker,141.3
2000,PERAK,Unpaid family worker,50
2000,PERLIS,Total,74.8
2000,PERLIS,Employer,1.8
2000,PERLIS,Employee,45.8
2000,PERLIS,Own account worker,22.1
2000,PERLIS,Unpaid family worker,5.1
2000,SELANGOR,Total,1681.5
2000,SELANGOR,Employer,49.6
2000,SELANGOR,Employee,1432.8
2000,SELANGOR,Own account worker,170.9
2000,SELANGOR,Unpaid family worker,28.2
2000,TERENGGANU,Total,306
2000,TERENGGANU,Employer,10.7
2000,TERENGGANU,Employee,201.9
2000,TERENGGANU,Own account worker,71.3
2000,TERENGGANU,Unpaid family worker,22.2
2000,SABAH,Total,933.8
2000,SABAH,Employer,19.5
2000,SABAH,Employee,679.6
2000,SABAH,Own account worker,179.1
2000,SABAH,Unpaid family worker,55.6
2000,SARAWAK,Total,876.3
2000,SARAWAK,Employer,23.3
2000,SARAWAK,Employee,518
2000,SARAWAK,Own account worker,190.7
2000,SARAWAK,Unpaid family worker,144.2
2000,W.P.KUALA LUMPUR,Total,662.8
2000,W.P.KUALA LUMPUR,Employer,23.1
2000,W.P.KUALA LUMPUR,Employee,573.7
2000,W.P.KUALA LUMPUR,Own account worker,58.8
2000,W.P.KUALA LUMPUR,Unpaid family worker,7.1
2000,W.P.LABUAN,Total,25.4
2000,W.P.LABUAN,Employer,0.6
2000,W.P.LABUAN,Employee,21.5
2000,W.P.LABUAN,Own account worker,2.9
2000,W.P.LABUAN,Unpaid family worker,0.4
1999,MALAYSIA,Total,8837.8
1999,MALAYSIA,Employer,202.2
1999,MALAYSIA,Employee,6602.5
1999,MALAYSIA,Own account worker,1489.1
1999,MALAYSIA,Unpaid family worker,543.9
1999,JOHOR,Total,1029
1999,JOHOR,Employer,33.8
1999,JOHOR,Employee,805.1
1999,JOHOR,Own account worker,147.7
1999,JOHOR,Unpaid family worker,42.5
1999,KEDAH,Total,678.7
1999,KEDAH,Employer,13
1999,KEDAH,Employee,442.5
1999,KEDAH,Own account worker,186.1
1999,KEDAH,Unpaid family worker,37.1
1999,KELANTAN,Total,436.8
1999,KELANTAN,Employer,9.3
1999,KELANTAN,Employee,218.5
1999,KELANTAN,Own account worker,154.4
1999,KELANTAN,Unpaid family worker,54.6
1999,MELAKA,Total,243.1
1999,MELAKA,Employer,6.3
1999,MELAKA,Employee,200.6
1999,MELAKA,Own account worker,28.2
1999,MELAKA,Unpaid family worker,8.1
1999,NEGERI SEMBILAN,Total,274.8
1999,NEGERI SEMBILAN,Employer,6.8
1999,NEGERI SEMBILAN,Employee,206.1
1999,NEGERI SEMBILAN,Own account worker,48.5
1999,NEGERI SEMBILAN,Unpaid family worker,13.4
1999,PAHANG,Total,384.4
1999,PAHANG,Employer,8.9
1999,PAHANG,Employee,231.5
1999,PAHANG,Own account worker,98.7
1999,PAHANG,Unpaid family worker,45.3
1999,PULAU PINANG,Total,602.9
1999,PULAU PINANG,Employer,23.3
1999,PULAU PINANG,Employee,501.4
1999,PULAU PINANG,Own account worker,65.3
1999,PULAU PINANG,Unpaid family worker,12.9
1999,PERAK,Total,684.5
1999,PERAK,Employer,11
1999,PERAK,Employee,495.2
1999,PERAK,Own account worker,127.8
1999,PERAK,Unpaid family worker,50.5
1999,PERLIS,Total,78.5
1999,PERLIS,Employer,1.3
1999,PERLIS,Employee,49.4
1999,PERLIS,Own account worker,22.2
1999,PERLIS,Unpaid family worker,5.7
1999,SELANGOR,Total,1427.2
1999,SELANGOR,Employer,27.3
1999,SELANGOR,Employee,1246.6
1999,SELANGOR,Own account worker,130.9
1999,SELANGOR,Unpaid family worker,22.4
1999,TERENGGANU,Total,300.1
1999,TERENGGANU,Employer,8.6
1999,TERENGGANU,Employee,193.8
1999,TERENGGANU,Own account worker,67.9
1999,TERENGGANU,Unpaid family worker,29.8
1999,SABAH,Total,1101.8
1999,SABAH,Employer,15.7
1999,SABAH,Employee,818.3
1999,SABAH,Own account worker,193
1999,SABAH,Unpaid family worker,74.8
1999,SARAWAK,Total,865
1999,SARAWAK,Employer,22.2
1999,SARAWAK,Employee,547.7
1999,SARAWAK,Own account worker,155.5
1999,SARAWAK,Unpaid family worker,139.6
1999,W.P.KUALA LUMPUR,Total,689.7
1999,W.P.KUALA LUMPUR,Employer,14.2
1999,W.P.KUALA LUMPUR,Employee,611.3
1999,W.P.KUALA LUMPUR,Own account worker,57.8
1999,W.P.KUALA LUMPUR,Unpaid family worker,6.4
1999,W.P.LABUAN,Total,41.2
1999,W.P.LABUAN,Employer,0.7
1999,W.P.LABUAN,Employee,34.6
1999,W.P.LABUAN,Own account worker,5.1
1999,W.P.LABUAN,Unpaid family worker,0.8
1998,MALAYSIA,Total,8599.6
1998,MALAYSIA,Employer,252.7
1998,MALAYSIA,Employee,6307.9
1998,MALAYSIA,Own account worker,1521.6
1998,MALAYSIA,Unpaid family worker,517.4
1998,JOHOR,Total,1027
1998,JOHOR,Employer,40.8
1998,JOHOR,Employee,797.5
1998,JOHOR,Own account worker,152.9
1998,JOHOR,Unpaid family worker,35.8
1998,KEDAH,Total,567.3
1998,KEDAH,Employer,11.9
1998,KEDAH,Employee,388.3
1998,KEDAH,Own account worker,141.9
1998,KEDAH,Unpaid family worker,25.2
1998,KELANTAN,Total,430.7
1998,KELANTAN,Employer,8.1
1998,KELANTAN,Employee,198.4
1998,KELANTAN,Own account worker,166.4
1998,KELANTAN,Unpaid family worker,57.8
1998,MELAKA,Total,242.4
1998,MELAKA,Employer,7
1998,MELAKA,Employee,196.2
1998,MELAKA,Own account worker,30.9
1998,MELAKA,Unpaid family worker,8.2
1998,NEGERI SEMBILAN,Total,304.4
1998,NEGERI SEMBILAN,Employer,12.6
1998,NEGERI SEMBILAN,Employee,217.8
1998,NEGERI SEMBILAN,Own account worker,50.7
1998,NEGERI SEMBILAN,Unpaid family worker,23.2
1998,PAHANG,Total,364.9
1998,PAHANG,Employer,11.8
1998,PAHANG,Employee,219
1998,PAHANG,Own account worker,101.4
1998,PAHANG,Unpaid family worker,32.7
1998,PULAU PINANG,Total,585.2
1998,PULAU PINANG,Employer,19.4
1998,PULAU PINANG,Employee,477.4
1998,PULAU PINANG,Own account worker,71.8
1998,PULAU PINANG,Unpaid family worker,16.6
1998,PERAK,Total,685
1998,PERAK,Employer,20.5
1998,PERAK,Employee,469.5
1998,PERAK,Own account worker,143.5
1998,PERAK,Unpaid family worker,51.5
1998,PERLIS,Total,71
1998,PERLIS,Employer,1.9
1998,PERLIS,Employee,45.2
1998,PERLIS,Own account worker,19.8
1998,PERLIS,Unpaid family worker,4.1
1998,SELANGOR,Total,1430.4
1998,SELANGOR,Employer,46.2
1998,SELANGOR,Employee,1225.8
1998,SELANGOR,Own account worker,138.7
1998,SELANGOR,Unpaid family worker,19.6
1998,TERENGGANU,Total,293.5
1998,TERENGGANU,Employer,7.7
1998,TERENGGANU,Employee,185.7
1998,TERENGGANU,Own account worker,75
1998,TERENGGANU,Unpaid family worker,25
1998,SABAH,Total,1068.3
1998,SABAH,Employer,22
1998,SABAH,Employee,778.9
1998,SABAH,Own account worker,197.7
1998,SABAH,Unpaid family worker,69.7
1998,SARAWAK,Total,824.3
1998,SARAWAK,Employer,20
1998,SARAWAK,Employee,487.8
1998,SARAWAK,Own account worker,175.4
1998,SARAWAK,Unpaid family worker,141.2
1998,W.P.KUALA LUMPUR,Total,668.3
1998,W.P.KUALA LUMPUR,Employer,21.3
1998,W.P.KUALA LUMPUR,Employee,588.1
1998,W.P.KUALA LUMPUR,Own account worker,53
1998,W.P.KUALA LUMPUR,Unpaid family worker,6
1998,W.P.LABUAN,Total,37
1998,W.P.LABUAN,Employer,1.6
1998,W.P.LABUAN,Employee,32.1
1998,W.P.LABUAN,Own account worker,2.4
1998,W.P.LABUAN,Unpaid family worker,0.9
1997,MALAYSIA,Total,8569.2
1997,MALAYSIA,Employer,222.7
1997,MALAYSIA,Employee,6380.7
1997,MALAYSIA,Own account worker,1449.6
1997,MALAYSIA,Unpaid family worker,516.1
1997,JOHOR,Total,1058.4
1997,JOHOR,Employer,35.3
1997,JOHOR,Employee,815
1997,JOHOR,Own account worker,157.5
1997,JOHOR,Unpaid family worker,50.6
1997,KEDAH,Total,601.3
1997,KEDAH,Employer,13.3
1997,KEDAH,Employee,394.5
1997,KEDAH,Own account worker,153.5
1997,KEDAH,Unpaid family worker,40
1997,KELANTAN,Total,413.7
1997,KELANTAN,Employer,10.3
1997,KELANTAN,Employee,202.2
1997,KELANTAN,Own account worker,156.7
1997,KELANTAN,Unpaid family worker,44.5
1997,MELAKA,Total,257.1
1997,MELAKA,Employer,6.8
1997,MELAKA,Employee,213.5
1997,MELAKA,Own account worker,28.3
1997,MELAKA,Unpaid family worker,8.5
1997,NEGERI SEMBILAN,Total,307.6
1997,NEGERI SEMBILAN,Employer,8
1997,NEGERI SEMBILAN,Employee,223.8
1997,NEGERI SEMBILAN,Own account worker,55.7
1997,NEGERI SEMBILAN,Unpaid family worker,20.1
1997,PAHANG,Total,395.4
1997,PAHANG,Employer,8.1
1997,PAHANG,Employee,248.2
1997,PAHANG,Own account worker,102.4
1997,PAHANG,Unpaid family worker,36.7
1997,PULAU PINANG,Total,552
1997,PULAU PINANG,Employer,16.3
1997,PULAU PINANG,Employee,456.2
1997,PULAU PINANG,Own account worker,65.4
1997,PULAU PINANG,Unpaid family worker,14.1
1997,PERAK,Total,744.2
1997,PERAK,Employer,14.6
1997,PERAK,Employee,538
1997,PERAK,Own account worker,138.6
1997,PERAK,Unpaid family worker,53
1997,PERLIS,Total,70.1
1997,PERLIS,Employer,1.8
1997,PERLIS,Employee,43.8
1997,PERLIS,Own account worker,19.3
1997,PERLIS,Unpaid family worker,5.2
1997,SELANGOR,Total,1329.9
1997,SELANGOR,Employer,39.3
1997,SELANGOR,Employee,1158.4
1997,SELANGOR,Own account worker,111.8
1997,SELANGOR,Unpaid family worker,20.3
1997,TERENGGANU,Total,282.3
1997,TERENGGANU,Employer,7.7
1997,TERENGGANU,Employee,191.2
1997,TERENGGANU,Own account worker,62.5
1997,TERENGGANU,Unpaid family worker,20.9
1997,SABAH,Total,1000.1
1997,SABAH,Employer,22.4
1997,SABAH,Employee,754
1997,SABAH,Own account worker,166.3
1997,SABAH,Unpaid family worker,57.3
1997,SARAWAK,Total,831.5
1997,SARAWAK,Employer,18.5
1997,SARAWAK,Employee,511.5
1997,SARAWAK,Own account worker,165.2
1997,SARAWAK,Unpaid family worker,136.3
1997,W.P.KUALA LUMPUR,Total,691
1997,W.P.KUALA LUMPUR,Employer,18.3
1997,W.P.KUALA LUMPUR,Employee,600.7
1997,W.P.KUALA LUMPUR,Own account worker,64.1
1997,W.P.KUALA LUMPUR,Unpaid family worker,7.9
1997,W.P.LABUAN,Total,34.7
1997,W.P.LABUAN,Employer,1.9
1997,W.P.LABUAN,Employee,29.7
1997,W.P.LABUAN,Own account worker,2.3
1997,W.P.LABUAN,Unpaid family worker,0.8
1996,MALAYSIA,Total,8399.3
1996,MALAYSIA,Employer,251.1
1996,MALAYSIA,Employee,6071.4
1996,MALAYSIA,Own account worker,1514.2
1996,MALAYSIA,Unpaid family worker,562.6
1996,JOHOR,Total,996.7
1996,JOHOR,Employer,41.8
1996,JOHOR,Employee,774.5
1996,JOHOR,Own account worker,141.5
1996,JOHOR,Unpaid family worker,38.9
1996,KEDAH,Total,535.9
1996,KEDAH,Employer,17.6
1996,KEDAH,Employee,332.8
1996,KEDAH,Own account worker,144.3
1996,KEDAH,Unpaid family worker,41.2
1996,KELANTAN,Total,445.5
1996,KELANTAN,Employer,13.1
1996,KELANTAN,Employee,219.7
1996,KELANTAN,Own account worker,157.2
1996,KELANTAN,Unpaid family worker,55.5
1996,MELAKA,Total,237
1996,MELAKA,Employer,7.2
1996,MELAKA,Employee,183
1996,MELAKA,Own account worker,35.4
1996,MELAKA,Unpaid family worker,11.4
1996,NEGERI SEMBILAN,Total,319.3
1996,NEGERI SEMBILAN,Employer,8.8
1996,NEGERI SEMBILAN,Employee,234.2
1996,NEGERI SEMBILAN,Own account worker,56.4
1996,NEGERI SEMBILAN,Unpaid family worker,19.8
1996,PAHANG,Total,406.2
1996,PAHANG,Employer,9.9
1996,PAHANG,Employee,243.2
1996,PAHANG,Own account worker,117.2
1996,PAHANG,Unpaid family worker,35.8
1996,PULAU PINANG,Total,449.4
1996,PULAU PINANG,Employer,17
1996,PULAU PINANG,Employee,362.8
1996,PULAU PINANG,Own account worker,58.1
1996,PULAU PINANG,Unpaid family worker,11.5
1996,PERAK,Total,723
1996,PERAK,Employer,18.6
1996,PERAK,Employee,493.6
1996,PERAK,Own account worker,152.6
1996,PERAK,Unpaid family worker,58.3
1996,PERLIS,Total,70.1
1996,PERLIS,Employer,3.1
1996,PERLIS,Employee,42.6
1996,PERLIS,Own account worker,19.5
1996,PERLIS,Unpaid family worker,4.9
1996,SELANGOR,Total,1359
1996,SELANGOR,Employer,39.3
1996,SELANGOR,Employee,1167.1
1996,SELANGOR,Own account worker,122.6
1996,SELANGOR,Unpaid family worker,30
1996,TERENGGANU,Total,298
1996,TERENGGANU,Employer,10.3
1996,TERENGGANU,Employee,177.6
1996,TERENGGANU,Own account worker,84.3
1996,TERENGGANU,Unpaid family worker,25.8
1996,SABAH,Total,992.5
1996,SABAH,Employer,19.3
1996,SABAH,Employee,723
1996,SABAH,Own account worker,174.4
1996,SABAH,Unpaid family worker,75.9
1996,SARAWAK,Total,831.5
1996,SARAWAK,Employer,19.8
1996,SARAWAK,Employee,494.5
1996,SARAWAK,Own account worker,181.6
1996,SARAWAK,Unpaid family worker,135.7
1996,W.P.KUALA LUMPUR,Total,697.8
1996,W.P.KUALA LUMPUR,Employer,24.9
1996,W.P.KUALA LUMPUR,Employee,591.4
1996,W.P.KUALA LUMPUR,Own account worker,64
1996,W.P.KUALA LUMPUR,Unpaid family worker,17.5
1996,W.P.LABUAN,Total,37.4
1996,W.P.LABUAN,Employer,0.5
1996,W.P.LABUAN,Employee,31.5
1996,W.P.LABUAN,Own account worker,5
1996,W.P.LABUAN,Unpaid family worker,0.4
1995,MALAYSIA,Total,7645
1995,MALAYSIA,Employer,188.1
1995,MALAYSIA,Employee,5553.3
1995,MALAYSIA,Own account worker,1396.4
1995,MALAYSIA,Unpaid family worker,506.9
1995,JOHOR,Total,891.8
1995,JOHOR,Employer,33.4
1995,JOHOR,Employee,687.2
1995,JOHOR,Own account worker,141.3
1995,JOHOR,Unpaid family worker,29.8
1995,KEDAH,Total,521.1
1995,KEDAH,Employer,7.2
1995,KEDAH,Employee,341.4
1995,KEDAH,Own account worker,139.4
1995,KEDAH,Unpaid family worker,33.1
1995,KELANTAN,Total,412.7
1995,KELANTAN,Employer,7.1
1995,KELANTAN,Employee,201.4
1995,KELANTAN,Own account worker,143.7
1995,KELANTAN,Unpaid family worker,60.5
1995,MELAKA,Total,222.8
1995,MELAKA,Employer,7.1
1995,MELAKA,Employee,180
1995,MELAKA,Own account worker,28.1
1995,MELAKA,Unpaid family worker,7.6
1995,NEGERI SEMBILAN,Total,296.2
1995,NEGERI SEMBILAN,Employer,6
1995,NEGERI SEMBILAN,Employee,203.1
1995,NEGERI SEMBILAN,Own account worker,62.6
1995,NEGERI SEMBILAN,Unpaid family worker,24.5
1995,PAHANG,Total,371.4
1995,PAHANG,Employer,5.3
1995,PAHANG,Employee,237.3
1995,PAHANG,Own account worker,102.3
1995,PAHANG,Unpaid family worker,26.4
1995,PULAU PINANG,Total,485.8
1995,PULAU PINANG,Employer,14.8
1995,PULAU PINANG,Employee,410.1
1995,PULAU PINANG,Own account worker,53.6
1995,PULAU PINANG,Unpaid family worker,7.2
1995,PERAK,Total,634.3
1995,PERAK,Employer,17.9
1995,PERAK,Employee,435.4
1995,PERAK,Own account worker,136.2
1995,PERAK,Unpaid family worker,44.8
1995,PERLIS,Total,70.8
1995,PERLIS,Employer,0.8
1995,PERLIS,Employee,43.9
1995,PERLIS,Own account worker,19.5
1995,PERLIS,Unpaid family worker,6.6
1995,SELANGOR,Total,1338.9
1995,SELANGOR,Employer,35.1
1995,SELANGOR,Employee,1148.2
1995,SELANGOR,Own account worker,128.2
1995,SELANGOR,Unpaid family worker,27.3
1995,TERENGGANU,Total,268
1995,TERENGGANU,Employer,5.8
1995,TERENGGANU,Employee,166.4
1995,TERENGGANU,Own account worker,74.9
1995,TERENGGANU,Unpaid family worker,20.8
1995,SABAH,Total,722.7
1995,SABAH,Employer,13.2
1995,SABAH,Employee,499.1
1995,SABAH,Own account worker,151.8
1995,SABAH,Unpaid family worker,58.5
1995,SARAWAK,Total,789.2
1995,SARAWAK,Employer,16
1995,SARAWAK,Employee,461
1995,SARAWAK,Own account worker,159.7
1995,SARAWAK,Unpaid family worker,152.5
1995,W.P.KUALA LUMPUR,Total,588.4
1995,W.P.KUALA LUMPUR,Employer,17.3
1995,W.P.KUALA LUMPUR,Employee,511.3
1995,W.P.KUALA LUMPUR,Own account worker,53.1
1995,W.P.KUALA LUMPUR,Unpaid family worker,6.6
1995,W.P.LABUAN,Total,31.1
1995,W.P.LABUAN,Employer,1
1995,W.P.LABUAN,Employee,27.4
1995,W.P.LABUAN,Own account worker,1.8
1995,W.P.LABUAN,Unpaid family worker,0.9
1993,MALAYSIA,Total,7383.4
1993,MALAYSIA,Employer,209.5
1993,MALAYSIA,Employee,5272.8
1993,MALAYSIA,Own account worker,1350.7
1993,MALAYSIA,Unpaid family worker,550.1
1993,JOHOR,Total,974.3
1993,JOHOR,Employer,32.4
1993,JOHOR,Employee,756.3
1993,JOHOR,Own account worker,147.5
1993,JOHOR,Unpaid family worker,38.2
1993,KEDAH,Total,475.1
1993,KEDAH,Employer,9.6
1993,KEDAH,Employee,313.9
1993,KEDAH,Own account worker,119
1993,KEDAH,Unpaid family worker,32.5
1993,KELANTAN,Total,394.4
1993,KELANTAN,Employer,10.7
1993,KELANTAN,Employee,174.2
1993,KELANTAN,Own account worker,148.3
1993,KELANTAN,Unpaid family worker,61.2
1993,MELAKA,Total,218.5
1993,MELAKA,Employer,7.5
1993,MELAKA,Employee,170.7
1993,MELAKA,Own account worker,26.4
1993,MELAKA,Unpaid family worker,13.9
1993,NEGERI SEMBILAN,Total,284.4
1993,NEGERI SEMBILAN,Employer,6.7
1993,NEGERI SEMBILAN,Employee,203.6
1993,NEGERI SEMBILAN,Own account worker,56
1993,NEGERI SEMBILAN,Unpaid family worker,18
1993,PAHANG,Total,378.7
1993,PAHANG,Employer,11.8
1993,PAHANG,Employee,224.8
1993,PAHANG,Own account worker,100.8
1993,PAHANG,Unpaid family worker,41.2
1993,PULAU PINANG,Total,531
1993,PULAU PINANG,Employer,12.1
1993,PULAU PINANG,Employee,450.1
1993,PULAU PINANG,Own account worker,54.8
1993,PULAU PINANG,Unpaid family worker,13.9
1993,PERAK,Total,669.8
1993,PERAK,Employer,13.8
1993,PERAK,Employee,475
1993,PERAK,Own account worker,125.9
1993,PERAK,Unpaid family worker,55
1993,PERLIS,Total,70.7
1993,PERLIS,Employer,1.6
1993,PERLIS,Employee,45.3
1993,PERLIS,Own account worker,19.3
1993,PERLIS,Unpaid family worker,4.5
1993,SELANGOR,Total,1080.1
1993,SELANGOR,Employer,33.2
1993,SELANGOR,Employee,926.1
1993,SELANGOR,Own account worker,99.9
1993,SELANGOR,Unpaid family worker,20.6
1993,TERENGGANU,Total,280.9
1993,TERENGGANU,Employer,8.9
1993,TERENGGANU,Employee,171.5
1993,TERENGGANU,Own account worker,69.2
1993,TERENGGANU,Unpaid family worker,31.3
1993,SABAH,Total,674
1993,SABAH,Employer,14.2
1993,SABAH,Employee,449.8
1993,SABAH,Own account worker,153.6
1993,SABAH,Unpaid family worker,56.4
1993,SARAWAK,Total,753.8
1993,SARAWAK,Employer,18.9
1993,SARAWAK,Employee,410.4
1993,SARAWAK,Own account worker,175.4
1993,SARAWAK,Unpaid family worker,149.1
1993,W.P.KUALA LUMPUR,Total,580.5
1993,W.P.KUALA LUMPUR,Employer,27.1
1993,W.P.KUALA LUMPUR,Employee,487.1
1993,W.P.KUALA LUMPUR,Own account worker,52.4
1993,W.P.KUALA LUMPUR,Unpaid family worker,13.9
1993,W.P.LABUAN,Total,17.3
1993,W.P.LABUAN,Employer,0.8
1993,W.P.LABUAN,Employee,14
1993,W.P.LABUAN,Own account worker,2.1
1993,W.P.LABUAN,Unpaid family worker,0.3
1992,MALAYSIA,Total,7047.8
1992,MALAYSIA,Employer,158.5
1992,MALAYSIA,Employee,5047.7
1992,MALAYSIA,Own account worker,1277.3
1992,MALAYSIA,Unpaid family worker,564.2
1992,JOHOR,Total,926
1992,JOHOR,Employer,26.6
1992,JOHOR,Employee,702.7
1992,JOHOR,Own account worker,148.2
1992,JOHOR,Unpaid family worker,48.5
1992,KEDAH,Total,495
1992,KEDAH,Employer,11.2
1992,KEDAH,Employee,328.2
1992,KEDAH,Own account worker,119.6
1992,KEDAH,Unpaid family worker,36.1
1992,KELANTAN,Total,382.5
1992,KELANTAN,Employer,8
1992,KELANTAN,Employee,182.8
1992,KELANTAN,Own account worker,131.3
1992,KELANTAN,Unpaid family worker,60.3
1992,MELAKA,Total,207.4
1992,MELAKA,Employer,5
1992,MELAKA,Employee,162.4
1992,MELAKA,Own account worker,27.7
1992,MELAKA,Unpaid family worker,12.3
1992,NEGERI SEMBILAN,Total,251.4
1992,NEGERI SEMBILAN,Employer,6.7
1992,NEGERI SEMBILAN,Employee,171.8
1992,NEGERI SEMBILAN,Own account worker,52.1
1992,NEGERI SEMBILAN,Unpaid family worker,20.8
1992,PAHANG,Total,417
1992,PAHANG,Employer,7.1
1992,PAHANG,Employee,236.9
1992,PAHANG,Own account worker,117.9
1992,PAHANG,Unpaid family worker,55.1
1992,PULAU PINANG,Total,512.6
1992,PULAU PINANG,Employer,13.8
1992,PULAU PINANG,Employee,441.1
1992,PULAU PINANG,Own account worker,46.7
1992,PULAU PINANG,Unpaid family worker,11
1992,PERAK,Total,692.9
1992,PERAK,Employer,17.8
1992,PERAK,Employee,470.3
1992,PERAK,Own account worker,146.6
1992,PERAK,Unpaid family worker,58.2
1992,PERLIS,Total,66.9
1992,PERLIS,Employer,1.2
1992,PERLIS,Employee,41.5
1992,PERLIS,Own account worker,18.8
1992,PERLIS,Unpaid family worker,5.4
1992,SELANGOR,Total,1069.6
1992,SELANGOR,Employer,18.9
1992,SELANGOR,Employee,936.7
1992,SELANGOR,Own account worker,90.5
1992,SELANGOR,Unpaid family worker,23.6
1992,TERENGGANU,Total,252.9
1992,TERENGGANU,Employer,6.6
1992,TERENGGANU,Employee,141.4
1992,TERENGGANU,Own account worker,77.9
1992,TERENGGANU,Unpaid family worker,27
1992,SABAH,Total,491.5
1992,SABAH,Employer,11.3
1992,SABAH,Employee,334.5
1992,SABAH,Own account worker,101.1
1992,SABAH,Unpaid family worker,44.6
1992,SARAWAK,Total,711.3
1992,SARAWAK,Employer,13.1
1992,SARAWAK,Employee,394.9
1992,SARAWAK,Own account worker,152.6
1992,SARAWAK,Unpaid family worker,150.8
1992,W.P.KUALA LUMPUR,Total,555.8
1992,W.P.KUALA LUMPUR,Employer,11.1
1992,W.P.KUALA LUMPUR,Employee,489.8
1992,W.P.KUALA LUMPUR,Own account worker,44.8
1992,W.P.KUALA LUMPUR,Unpaid family worker,10.1
1992,W.P.LABUAN,Total,14.9
1992,W.P.LABUAN,Employer,0.1
1992,W.P.LABUAN,Employee,12.7
1992,W.P.LABUAN,Own account worker,1.7
1992,W.P.LABUAN,Unpaid family worker,0.4
1990,MALAYSIA,Total,6685
1990,MALAYSIA,Employer,194.6
1990,MALAYSIA,Employee,4412.4
1990,MALAYSIA,Own account worker,1383.9
1990,MALAYSIA,Unpaid family worker,694
1990,JOHOR,Total,914.1
1990,JOHOR,Employer,38.2
1990,JOHOR,Employee,633.3
1990,JOHOR,Own account worker,174.9
1990,JOHOR,Unpaid family worker,67.7
1990,KEDAH,Total,467.6
1990,KEDAH,Employer,10.2
1990,KEDAH,Employee,283.8
1990,KEDAH,Own account worker,130
1990,KEDAH,Unpaid family worker,43.7
1990,KELANTAN,Total,377.7
1990,KELANTAN,Employer,9.6
1990,KELANTAN,Employee,159.1
1990,KELANTAN,Own account worker,140.4
1990,KELANTAN,Unpaid family worker,68.6
1990,MELAKA,Total,180
1990,MELAKA,Employer,6.8
1990,MELAKA,Employee,132
1990,MELAKA,Own account worker,28.2
1990,MELAKA,Unpaid family worker,13.1
1990,NEGERI SEMBILAN,Total,216
1990,NEGERI SEMBILAN,Employer,5.7
1990,NEGERI SEMBILAN,Employee,134.5
1990,NEGERI SEMBILAN,Own account worker,53.2
1990,NEGERI SEMBILAN,Unpaid family worker,22.5
1990,PAHANG,Total,428.8
1990,PAHANG,Employer,10.7
1990,PAHANG,Employee,226.5
1990,PAHANG,Own account worker,130.1
1990,PAHANG,Unpaid family worker,61.5
1990,PULAU PINANG,Total,457.2
1990,PULAU PINANG,Employer,12.5
1990,PULAU PINANG,Employee,356.8
1990,PULAU PINANG,Own account worker,65.9
1990,PULAU PINANG,Unpaid family worker,22
1990,PERAK,Total,678.2
1990,PERAK,Employer,22.8
1990,PERAK,Employee,428.5
1990,PERAK,Own account worker,151.7
1990,PERAK,Unpaid family worker,75.1
1990,PERLIS,Total,57.1
1990,PERLIS,Employer,1.9
1990,PERLIS,Employee,32
1990,PERLIS,Own account worker,17.7
1990,PERLIS,Unpaid family worker,5.5
1990,SELANGOR,Total,1039.4
1990,SELANGOR,Employer,29.4
1990,SELANGOR,Employee,873.7
1990,SELANGOR,Own account worker,97.3
1990,SELANGOR,Unpaid family worker,39.1
1990,TERENGGANU,Total,227.6
1990,TERENGGANU,Employer,4.8
1990,TERENGGANU,Employee,115
1990,TERENGGANU,Own account worker,75.2
1990,TERENGGANU,Unpaid family worker,32.6
1990,SABAH,Total,436.9
1990,SABAH,Employer,10.4
1990,SABAH,Employee,275.6
1990,SABAH,Own account worker,110.4
1990,SABAH,Unpaid family worker,40.6
1990,SARAWAK,Total,698.9
1990,SARAWAK,Employer,14
1990,SARAWAK,Employee,325.5
1990,SARAWAK,Own account worker,167.7
1990,SARAWAK,Unpaid family worker,191.8
1990,W.P.KUALA LUMPUR,Total,490.7
1990,W.P.KUALA LUMPUR,Employer,16.7
1990,W.P.KUALA LUMPUR,Employee,423.5
1990,W.P.KUALA LUMPUR,Own account worker,40.6
1990,W.P.KUALA LUMPUR,Unpaid family worker,9.9
1990,W.P.LABUAN,Total,14.8
1990,W.P.LABUAN,Employer,1
1990,W.P.LABUAN,Employee,12.9
1990,W.P.LABUAN,Own account worker,0.6
1990,W.P.LABUAN,Unpaid family worker,0.4
1989,MALAYSIA,Total,6390.9
1989,MALAYSIA,Employer,154.2
1989,MALAYSIA,Employee,4164.7
1989,MALAYSIA,Own account worker,1324.3
1989,MALAYSIA,Unpaid family worker,747.4
1989,JOHOR,Total,822.3
1989,JOHOR,Employer,26.7
1989,JOHOR,Employee,566.4
1989,JOHOR,Own account worker,158.6
1989,JOHOR,Unpaid family worker,70.6
1989,KEDAH,Total,443.3
1989,KEDAH,Employer,9.4
1989,KEDAH,Employee,250.6
1989,KEDAH,Own account worker,130.4
1989,KEDAH,Unpaid family worker,53
1989,KELANTAN,Total,363.8
1989,KELANTAN,Employer,7.9
1989,KELANTAN,Employee,170.5
1989,KELANTAN,Own account worker,122.9
1989,KELANTAN,Unpaid family worker,62.5
1989,MELAKA,Total,185.9
1989,MELAKA,Employer,6
1989,MELAKA,Employee,138.2
1989,MELAKA,Own account worker,27.5
1989,MELAKA,Unpaid family worker,14
1989,NEGERI SEMBILAN,Total,229.3
1989,NEGERI SEMBILAN,Employer,5.8
1989,NEGERI SEMBILAN,Employee,146
1989,NEGERI SEMBILAN,Own account worker,53.6
1989,NEGERI SEMBILAN,Unpaid family worker,23.8
1989,PAHANG,Total,379.1
1989,PAHANG,Employer,7.6
1989,PAHANG,Employee,201.6
1989,PAHANG,Own account worker,111.1
1989,PAHANG,Unpaid family worker,58.8
1989,PULAU PINANG,Total,436.3
1989,PULAU PINANG,Employer,9.9
1989,PULAU PINANG,Employee,348.1
1989,PULAU PINANG,Own account worker,58.7
1989,PULAU PINANG,Unpaid family worker,19.4
1989,PERAK,Total,686.7
1989,PERAK,Employer,17.6
1989,PERAK,Employee,422.3
1989,PERAK,Own account worker,157.1
1989,PERAK,Unpaid family worker,89.7
1989,PERLIS,Total,66.3
1989,PERLIS,Employer,1.3
1989,PERLIS,Employee,38.1
1989,PERLIS,Own account worker,19.1
1989,PERLIS,Unpaid family worker,7.9
1989,SELANGOR,Total,900.3
1989,SELANGOR,Employer,23.1
1989,SELANGOR,Employee,748.6
1989,SELANGOR,Own account worker,92.9
1989,SELANGOR,Unpaid family worker,35.6
1989,TERENGGANU,Total,229.9
1989,TERENGGANU,Employer,5.5
1989,TERENGGANU,Employee,119.9
1989,TERENGGANU,Own account worker,73.3
1989,TERENGGANU,Unpaid family worker,31.3
1989,SABAH,Total,442.3
1989,SABAH,Employer,10.4
1989,SABAH,Employee,272.8
1989,SABAH,Own account worker,104.6
1989,SABAH,Unpaid family worker,54.5
1989,SARAWAK,Total,687.2
1989,SARAWAK,Employer,11.6
1989,SARAWAK,Employee,291.4
1989,SARAWAK,Own account worker,170.4
1989,SARAWAK,Unpaid family worker,213.7
1989,W.P.KUALA LUMPUR,Total,504.7
1989,W.P.KUALA LUMPUR,Employer,11.1
1989,W.P.KUALA LUMPUR,Employee,439
1989,W.P.KUALA LUMPUR,Own account worker,42.4
1989,W.P.KUALA LUMPUR,Unpaid family worker,12.2
1989,W.P.LABUAN,Total,13.4
1989,W.P.LABUAN,Employer,0.3
1989,W.P.LABUAN,Employee,11.1
1989,W.P.LABUAN,Own account worker,1.6
1989,W.P.LABUAN,Unpaid family worker,0.5
1988,MALAYSIA,Total,6157.2
1988,MALAYSIA,Employer,204.7
1988,MALAYSIA,Employee,3799.1
1988,MALAYSIA,Own account worker,1377.1
1988,MALAYSIA,Unpaid family worker,776.3
1988,JOHOR,Total,792
1988,JOHOR,Employer,36.6
1988,JOHOR,Employee,539.5
1988,JOHOR,Own account worker,148.5
1988,JOHOR,Unpaid family worker,67.4
1988,KEDAH,Total,459.3
1988,KEDAH,Employer,16
1988,KEDAH,Employee,246.3
1988,KEDAH,Own account worker,134.8
1988,KEDAH,Unpaid family worker,62.1
1988,KELANTAN,Total,363.4
1988,KELANTAN,Employer,9.6
1988,KELANTAN,Employee,141.4
1988,KELANTAN,Own account worker,146.9
1988,KELANTAN,Unpaid family worker,65.5
1988,MELAKA,Total,175.4
1988,MELAKA,Employer,5.3
1988,MELAKA,Employee,120.7
1988,MELAKA,Own account worker,31.6
1988,MELAKA,Unpaid family worker,17.7
1988,NEGERI SEMBILAN,Total,228
1988,NEGERI SEMBILAN,Employer,7.8
1988,NEGERI SEMBILAN,Employee,137
1988,NEGERI SEMBILAN,Own account worker,55.2
1988,NEGERI SEMBILAN,Unpaid family worker,27.9
1988,PAHANG,Total,351.5
1988,PAHANG,Employer,7.7
1988,PAHANG,Employee,183.4
1988,PAHANG,Own account worker,107
1988,PAHANG,Unpaid family worker,53.4
1988,PULAU PINANG,Total,398.9
1988,PULAU PINANG,Employer,10.8
1988,PULAU PINANG,Employee,304.1
1988,PULAU PINANG,Own account worker,58.7
1988,PULAU PINANG,Unpaid family worker,25.3
1988,PERAK,Total,656.7
1988,PERAK,Employer,21.6
1988,PERAK,Employee,379.4
1988,PERAK,Own account worker,159
1988,PERAK,Unpaid family worker,96.7
1988,PERLIS,Total,65.5
1988,PERLIS,Employer,2.1
1988,PERLIS,Employee,37.5
1988,PERLIS,Own account worker,19
1988,PERLIS,Unpaid family worker,7
1988,SELANGOR,Total,893.1
1988,SELANGOR,Employer,35.2
1988,SELANGOR,Employee,694.2
1988,SELANGOR,Own account worker,112.9
1988,SELANGOR,Unpaid family worker,50.9
1988,TERENGGANU,Total,229.8
1988,TERENGGANU,Employer,5.5
1988,TERENGGANU,Employee,109.2
1988,TERENGGANU,Own account worker,79.5
1988,TERENGGANU,Unpaid family worker,35.6
1988,SABAH,Total,424.6
1988,SABAH,Employer,10.3
1988,SABAH,Employee,247.4
1988,SABAH,Own account worker,114
1988,SABAH,Unpaid family worker,53
1988,SARAWAK,Total,637.1
1988,SARAWAK,Employer,15.1
1988,SARAWAK,Employee,265.5
1988,SARAWAK,Own account worker,159.7
1988,SARAWAK,Unpaid family worker,196.9
1988,W.P.KUALA LUMPUR,Total,469.6
1988,W.P.KUALA LUMPUR,Employer,20.8
1988,W.P.KUALA LUMPUR,Employee,383.5
1988,W.P.KUALA LUMPUR,Own account worker,48.8
1988,W.P.KUALA LUMPUR,Unpaid family worker,16.6
1988,W.P.LABUAN,Total,12.3
1988,W.P.LABUAN,Employer,0.3
1988,W.P.LABUAN,Employee,10
1988,W.P.LABUAN,Own account worker,1.7
1988,W.P.LABUAN,Unpaid family worker,0.3
1987,MALAYSIA,Total,5983.9
1987,MALAYSIA,Employer,167.9
1987,MALAYSIA,Employee,3747.9
1987,MALAYSIA,Own account worker,1280.1
1987,MALAYSIA,Unpaid family worker,788.1
1987,JOHOR,Total,732.7
1987,JOHOR,Employer,26.2
1987,JOHOR,Employee,489.6
1987,JOHOR,Own account worker,140.2
1987,JOHOR,Unpaid family worker,76.8
1987,KEDAH,Total,420.1
1987,KEDAH,Employer,10.7
1987,KEDAH,Employee,228.2
1987,KEDAH,Own account worker,125.1
1987,KEDAH,Unpaid family worker,56.1
1987,KELANTAN,Total,350.5
1987,KELANTAN,Employer,6.5
1987,KELANTAN,Employee,146.2
1987,KELANTAN,Own account worker,134.3
1987,KELANTAN,Unpaid family worker,63.5
1987,MELAKA,Total,176.7
1987,MELAKA,Employer,5.8
1987,MELAKA,Employee,123.2
1987,MELAKA,Own account worker,30.6
1987,MELAKA,Unpaid family worker,17.1
1987,NEGERI SEMBILAN,Total,221.7
1987,NEGERI SEMBILAN,Employer,6.6
1987,NEGERI SEMBILAN,Employee,131.6
1987,NEGERI SEMBILAN,Own account worker,53.4
1987,NEGERI SEMBILAN,Unpaid family worker,30.1
1987,PAHANG,Total,335.9
1987,PAHANG,Employer,9.1
1987,PAHANG,Employee,183.2
1987,PAHANG,Own account worker,89.6
1987,PAHANG,Unpaid family worker,54
1987,PULAU PINANG,Total,404.8
1987,PULAU PINANG,Employer,10.9
1987,PULAU PINANG,Employee,307.5
1987,PULAU PINANG,Own account worker,62.7
1987,PULAU PINANG,Unpaid family worker,23.8
1987,PERAK,Total,670.5
1987,PERAK,Employer,20
1987,PERAK,Employee,394
1987,PERAK,Own account worker,154.7
1987,PERAK,Unpaid family worker,101.8
1987,PERLIS,Total,60.6
1987,PERLIS,Employer,2.3
1987,PERLIS,Employee,32.2
1987,PERLIS,Own account worker,19.3
1987,PERLIS,Unpaid family worker,6.9
1987,SELANGOR,Total,865
1987,SELANGOR,Employer,26.1
1987,SELANGOR,Employee,692.3
1987,SELANGOR,Own account worker,97.7
1987,SELANGOR,Unpaid family worker,48.8
1987,TERENGGANU,Total,208.9
1987,TERENGGANU,Employer,6.1
1987,TERENGGANU,Employee,104.9
1987,TERENGGANU,Own account worker,68.2
1987,TERENGGANU,Unpaid family worker,29.7
1987,SABAH,Total,424.3
1987,SABAH,Employer,9.5
1987,SABAH,Employee,251.5
1987,SABAH,Own account worker,102.4
1987,SABAH,Unpaid family worker,61
1987,SARAWAK,Total,642
1987,SARAWAK,Employer,12.9
1987,SARAWAK,Employee,266.9
1987,SARAWAK,Own account worker,159.6
1987,SARAWAK,Unpaid family worker,202.7
1987,W.P.KUALA LUMPUR,Total,457.9
1987,W.P.KUALA LUMPUR,Employer,14.9
1987,W.P.KUALA LUMPUR,Employee,386.6
1987,W.P.KUALA LUMPUR,Own account worker,40.9
1987,W.P.KUALA LUMPUR,Unpaid family worker,15.5
1987,W.P.LABUAN,Total,12.3
1987,W.P.LABUAN,Employer,0.3
1987,W.P.LABUAN,Employee,10.1
1987,W.P.LABUAN,Own account worker,1.5
1987,W.P.LABUAN,Unpaid family worker,0.4
1986,MALAYSIA,Total,5760.1
1986,MALAYSIA,Employer,180.4
1986,MALAYSIA,Employee,3560.7
1986,MALAYSIA,Own account worker,1308.2
1986,MALAYSIA,Unpaid family worker,710.6
1986,JOHOR,Total,700.4
1986,JOHOR,Employer,24.3
1986,JOHOR,Employee,463.9
1986,JOHOR,Own account worker,137.3
1986,JOHOR,Unpaid family worker,74.9
1986,KEDAH,Total,418
1986,KEDAH,Employer,10.1
1986,KEDAH,Employee,220.8
1986,KEDAH,Own account worker,131.3
1986,KEDAH,Unpaid family worker,55.8
1986,KELANTAN,Total,340.2
1986,KELANTAN,Employer,7.5
1986,KELANTAN,Employee,140.9
1986,KELANTAN,Own account worker,135.8
1986,KELANTAN,Unpaid family worker,56
1986,MELAKA,Total,169.8
1986,MELAKA,Employer,5.6
1986,MELAKA,Employee,115.9
1986,MELAKA,Own account worker,31.3
1986,MELAKA,Unpaid family worker,17
1986,NEGERI SEMBILAN,Total,213.5
1986,NEGERI SEMBILAN,Employer,7.5
1986,NEGERI SEMBILAN,Employee,145.5
1986,NEGERI SEMBILAN,Own account worker,41.1
1986,NEGERI SEMBILAN,Unpaid family worker,19.4
1986,PAHANG,Total,315.4
1986,PAHANG,Employer,9.8
1986,PAHANG,Employee,167.6
1986,PAHANG,Own account worker,93.1
1986,PAHANG,Unpaid family worker,44.9
1986,PULAU PINANG,Total,391.4
1986,PULAU PINANG,Employer,12.5
1986,PULAU PINANG,Employee,303.8
1986,PULAU PINANG,Own account worker,60
1986,PULAU PINANG,Unpaid family worker,15.1
1986,PERAK,Total,669.9
1986,PERAK,Employer,20.6
1986,PERAK,Employee,383.2
1986,PERAK,Own account worker,170.5
1986,PERAK,Unpaid family worker,95.6
1986,PERLIS,Total,57.6
1986,PERLIS,Employer,1.9
1986,PERLIS,Employee,28.2
1986,PERLIS,Own account worker,19
1986,PERLIS,Unpaid family worker,8.5
1986,SELANGOR,Total,777.1
1986,SELANGOR,Employer,30.1
1986,SELANGOR,Employee,612.1
1986,SELANGOR,Own account worker,95.5
1986,SELANGOR,Unpaid family worker,39.3
1986,TERENGGANU,Total,218.4
1986,TERENGGANU,Employer,4.9
1986,TERENGGANU,Employee,103.4
1986,TERENGGANU,Own account worker,84
1986,TERENGGANU,Unpaid family worker,26
1986,SABAH,Total,405.5
1986,SABAH,Employer,9.5
1986,SABAH,Employee,234.3
1986,SABAH,Own account worker,109.4
1986,SABAH,Unpaid family worker,52.3
1986,SARAWAK,Total,614.3
1986,SARAWAK,Employer,13.9
1986,SARAWAK,Employee,261
1986,SARAWAK,Own account worker,152.9
1986,SARAWAK,Unpaid family worker,186.5
1986,W.P.KUALA LUMPUR,Total,455
1986,W.P.KUALA LUMPUR,Employer,21.9
1986,W.P.KUALA LUMPUR,Employee,368.9
1986,W.P.KUALA LUMPUR,Own account worker,45.2
1986,W.P.KUALA LUMPUR,Unpaid family worker,18.9
1986,W.P.LABUAN,Total,13.6
1986,W.P.LABUAN,Employer,0.4
1986,W.P.LABUAN,Employee,11.1
1986,W.P.LABUAN,Own account worker,1.7
1986,W.P.LABUAN,Unpaid family worker,0.4
1985,MALAYSIA,Total,5653.4
1985,MALAYSIA,Employer,167.8
1985,MALAYSIA,Employee,3636.1
1985,MALAYSIA,Own account worker,1189.8
1985,MALAYSIA,Unpaid family worker,659.5
1985,JOHOR,Total,672.7
1985,JOHOR,Employer,23.7
1985,JOHOR,Employee,452.4
1985,JOHOR,Own account worker,125.4
1985,JOHOR,Unpaid family worker,71.2
1985,KEDAH,Total,413.8
1985,KEDAH,Employer,10.7
1985,KEDAH,Employee,229.7
1985,KEDAH,Own account worker,118.9
1985,KEDAH,Unpaid family worker,54.5
1985,KELANTAN,Total,323.6
1985,KELANTAN,Employer,6.3
1985,KELANTAN,Employee,138.9
1985,KELANTAN,Own account worker,130.4
1985,KELANTAN,Unpaid family worker,48
1985,MELAKA,Total,170.1
1985,MELAKA,Employer,3.8
1985,MELAKA,Employee,122.2
1985,MELAKA,Own account worker,26.2
1985,MELAKA,Unpaid family worker,17.9
1985,NEGERI SEMBILAN,Total,210.8
1985,NEGERI SEMBILAN,Employer,5.5
1985,NEGERI SEMBILAN,Employee,148.3
1985,NEGERI SEMBILAN,Own account worker,40.4
1985,NEGERI SEMBILAN,Unpaid family worker,16.5
1985,PAHANG,Total,327.8
1985,PAHANG,Employer,7.8
1985,PAHANG,Employee,188.4
1985,PAHANG,Own account worker,85.6
1985,PAHANG,Unpaid family worker,46
1985,PULAU PINANG,Total,388.1
1985,PULAU PINANG,Employer,14.1
1985,PULAU PINANG,Employee,304.5
1985,PULAU PINANG,Own account worker,55.2
1985,PULAU PINANG,Unpaid family worker,14.2
1985,PERAK,Total,669.6
1985,PERAK,Employer,21.2
1985,PERAK,Employee,397
1985,PERAK,Own account worker,157.2
1985,PERAK,Unpaid family worker,94.2
1985,PERLIS,Total,60.5
1985,PERLIS,Employer,0.9
1985,PERLIS,Employee,32
1985,PERLIS,Own account worker,17.4
1985,PERLIS,Unpaid family worker,10.3
1985,SELANGOR,Total,706.1
1985,SELANGOR,Employer,28.4
1985,SELANGOR,Employee,572.4
1985,SELANGOR,Own account worker,73.6
1985,SELANGOR,Unpaid family worker,31.6
1985,TERENGGANU,Total,212.4
1985,TERENGGANU,Employer,4.6
1985,TERENGGANU,Employee,104
1985,TERENGGANU,Own account worker,78.6
1985,TERENGGANU,Unpaid family worker,25.3
1985,SABAH,Total,403.4
1985,SABAH,Employer,8.2
1985,SABAH,Employee,257.2
1985,SABAH,Own account worker,92.2
1985,SABAH,Unpaid family worker,45.7
1985,SARAWAK,Total,587.5
1985,SARAWAK,Employer,12.8
1985,SARAWAK,Employee,260.5
1985,SARAWAK,Own account worker,144.6
1985,SARAWAK,Unpaid family worker,169.6
1985,W.P.KUALA LUMPUR,Total,491.7
1985,W.P.KUALA LUMPUR,Employer,19.6
1985,W.P.KUALA LUMPUR,Employee,415.9
1985,W.P.KUALA LUMPUR,Own account worker,42.2
1985,W.P.KUALA LUMPUR,Unpaid family worker,14
1985,W.P.LABUAN,Total,15
1985,W.P.LABUAN,Employer,0.4
1985,W.P.LABUAN,Employee,12.7
1985,W.P.LABUAN,Own account worker,1.6
1985,W.P.LABUAN,Unpaid family worker,0.3
1984,MALAYSIA,Total,5566.7
1984,MALAYSIA,Employer,141.4
1984,MALAYSIA,Employee,3673.4
1984,MALAYSIA,Own account worker,1130.1
1984,MALAYSIA,Unpaid family worker,621.8
1984,JOHOR,Total,657.3
1984,JOHOR,Employer,22
1984,JOHOR,Employee,460.9
1984,JOHOR,Own account worker,109.5
1984,JOHOR,Unpaid family worker,64.9
1984,KEDAH,Total,417.6
1984,KEDAH,Employer,8.7
1984,KEDAH,Employee,238.3
1984,KEDAH,Own account worker,117
1984,KEDAH,Unpaid family worker,53.5
1984,KELANTAN,Total,322.3
1984,KELANTAN,Employer,7
1984,KELANTAN,Employee,150.3
1984,KELANTAN,Own account worker,122.8
1984,KELANTAN,Unpaid family worker,42.3
1984,MELAKA,Total,162.5
1984,MELAKA,Employer,3.8
1984,MELAKA,Employee,116.7
1984,MELAKA,Own account worker,26.2
1984,MELAKA,Unpaid family worker,15.8
1984,NEGERI SEMBILAN,Total,223.3
1984,NEGERI SEMBILAN,Employer,4
1984,NEGERI SEMBILAN,Employee,163.5
1984,NEGERI SEMBILAN,Own account worker,39.9
1984,NEGERI SEMBILAN,Unpaid family worker,15.9
1984,PAHANG,Total,306.9
1984,PAHANG,Employer,6.4
1984,PAHANG,Employee,181.1
1984,PAHANG,Own account worker,80
1984,PAHANG,Unpaid family worker,39.4
1984,PULAU PINANG,Total,383.7
1984,PULAU PINANG,Employer,12.1
1984,PULAU PINANG,Employee,295.6
1984,PULAU PINANG,Own account worker,60.3
1984,PULAU PINANG,Unpaid family worker,15.7
1984,PERAK,Total,659.6
1984,PERAK,Employer,21.6
1984,PERAK,Employee,391.7
1984,PERAK,Own account worker,157.2
1984,PERAK,Unpaid family worker,89.1
1984,PERLIS,Total,61.8
1984,PERLIS,Employer,0.8
1984,PERLIS,Employee,34.5
1984,PERLIS,Own account worker,15.7
1984,PERLIS,Unpaid family worker,10.9
1984,SELANGOR,Total,690.3
1984,SELANGOR,Employer,17.7
1984,SELANGOR,Employee,573
1984,SELANGOR,Own account worker,68.8
1984,SELANGOR,Unpaid family worker,30.8
1984,TERENGGANU,Total,204.4
1984,TERENGGANU,Employer,2.2
1984,TERENGGANU,Employee,114.4
1984,TERENGGANU,Own account worker,67.2
1984,TERENGGANU,Unpaid family worker,20.6
1984,SABAH,Total,400.3
1984,SABAH,Employer,6.7
1984,SABAH,Employee,267.3
1984,SABAH,Own account worker,82.3
1984,SABAH,Unpaid family worker,44
1984,SARAWAK,Total,575.3
1984,SARAWAK,Employer,12.6
1984,SARAWAK,Employee,255.3
1984,SARAWAK,Own account worker,141.1
1984,SARAWAK,Unpaid family worker,166.3
1984,W.P.KUALA LUMPUR,Total,485.4
1984,W.P.KUALA LUMPUR,Employer,15.5
1984,W.P.KUALA LUMPUR,Employee,416.8
1984,W.P.KUALA LUMPUR,Own account worker,40.8
1984,W.P.KUALA LUMPUR,Unpaid family worker,12.2
1984,W.P.LABUAN,Total,16
1984,W.P.LABUAN,Employer,0.4
1984,W.P.LABUAN,Employee,13.7
1984,W.P.LABUAN,Own account worker,1.5
1984,W.P.LABUAN,Unpaid family worker,0.4
1983,MALAYSIA,Total,5457
1983,MALAYSIA,Employer,175.4
1983,MALAYSIA,Employee,3447.2
1983,MALAYSIA,Own account worker,1242.6
1983,MALAYSIA,Unpaid family worker,591.7
1983,JOHOR,Total,623.7
1983,JOHOR,Employer,19.9
1983,JOHOR,Employee,415.1
1983,JOHOR,Own account worker,127.3
1983,JOHOR,Unpaid family worker,61.4
1983,KEDAH,Total,373.6
1983,KEDAH,Employer,8.7
1983,KEDAH,Employee,174.2
1983,KEDAH,Own account worker,134.8
1983,KEDAH,Unpaid family worker,55.9
1983,KELANTAN,Total,282.5
1983,KELANTAN,Employer,6.5
1983,KELANTAN,Employee,120.8
1983,KELANTAN,Own account worker,123.6
1983,KELANTAN,Unpaid family worker,31.7
1983,MELAKA,Total,165.5
1983,MELAKA,Employer,5.9
1983,MELAKA,Employee,122.5
1983,MELAKA,Own account worker,24.4
1983,MELAKA,Unpaid family worker,12.8
1983,NEGERI SEMBILAN,Total,215
1983,NEGERI SEMBILAN,Employer,7.9
1983,NEGERI SEMBILAN,Employee,146.7
1983,NEGERI SEMBILAN,Own account worker,43.8
1983,NEGERI SEMBILAN,Unpaid family worker,16.6
1983,PAHANG,Total,333.5
1983,PAHANG,Employer,12.5
1983,PAHANG,Employee,181.7
1983,PAHANG,Own account worker,90.3
1983,PAHANG,Unpaid family worker,48.9
1983,PULAU PINANG,Total,404.8
1983,PULAU PINANG,Employer,16.3
1983,PULAU PINANG,Employee,309.5
1983,PULAU PINANG,Own account worker,54.9
1983,PULAU PINANG,Unpaid family worker,24.1
1983,PERAK,Total,669.2
1983,PERAK,Employer,20.2
1983,PERAK,Employee,392.3
1983,PERAK,Own account worker,172.8
1983,PERAK,Unpaid family worker,83.9
1983,PERLIS,Total,63.8
1983,PERLIS,Employer,1.7
1983,PERLIS,Employee,29.2
1983,PERLIS,Own account worker,23.4
1983,PERLIS,Unpaid family worker,9.5
1983,SELANGOR,Total,739.9
1983,SELANGOR,Employer,30.4
1983,SELANGOR,Employee,586.5
1983,SELANGOR,Own account worker,82
1983,SELANGOR,Unpaid family worker,40.9
1983,TERENGGANU,Total,236.9
1983,TERENGGANU,Employer,6.6
1983,TERENGGANU,Employee,117.5
1983,TERENGGANU,Own account worker,87.3
1983,TERENGGANU,Unpaid family worker,25.5
1983,SABAH,Total,377.7
1983,SABAH,Employer,6.1
1983,SABAH,Employee,244.1
1983,SABAH,Own account worker,100.1
1983,SABAH,Unpaid family worker,27.3
1983,SARAWAK,Total,540.1
1983,SARAWAK,Employer,12.3
1983,SARAWAK,Employee,246.4
1983,SARAWAK,Own account worker,141.9
1983,SARAWAK,Unpaid family worker,139.4
1983,W.P.KUALA LUMPUR,Total,430.7
1983,W.P.KUALA LUMPUR,Employer,20.2
1983,W.P.KUALA LUMPUR,Employee,360.9
1983,W.P.KUALA LUMPUR,Own account worker,35.9
1983,W.P.KUALA LUMPUR,Unpaid family worker,13.7
1982,MALAYSIA,Total,5249
1982,MALAYSIA,Employer,158.1
1982,MALAYSIA,Employee,3320.7
1982,MALAYSIA,Own account worker,1159.8
1982,MALAYSIA,Unpaid family worker,610.4
1982,JOHOR,Total,630.2
1982,JOHOR,Employer,23.3
1982,JOHOR,Employee,432.6
1982,JOHOR,Own account worker,113.7
1982,JOHOR,Unpaid family worker,60.6
1982,KEDAH,Total,389
1982,KEDAH,Employer,8
1982,KEDAH,Employee,189.6
1982,KEDAH,Own account worker,129
1982,KEDAH,Unpaid family worker,62.4
1982,KELANTAN,Total,304.3
1982,KELANTAN,Employer,6.2
1982,KELANTAN,Employee,118.1
1982,KELANTAN,Own account worker,127.6
1982,KELANTAN,Unpaid family worker,52.3
1982,MELAKA,Total,167.2
1982,MELAKA,Employer,5.5
1982,MELAKA,Employee,121.4
1982,MELAKA,Own account worker,26.1
1982,MELAKA,Unpaid family worker,14.2
1982,NEGERI SEMBILAN,Total,216.3
1982,NEGERI SEMBILAN,Employer,6.4
1982,NEGERI SEMBILAN,Employee,151.6
1982,NEGERI SEMBILAN,Own account worker,39.9
1982,NEGERI SEMBILAN,Unpaid family worker,18.4
1982,PAHANG,Total,270.2
1982,PAHANG,Employer,7.5
1982,PAHANG,Employee,154.8
1982,PAHANG,Own account worker,71.2
1982,PAHANG,Unpaid family worker,36.7
1982,PULAU PINANG,Total,382.3
1982,PULAU PINANG,Employer,17.1
1982,PULAU PINANG,Employee,278.5
1982,PULAU PINANG,Own account worker,60.7
1982,PULAU PINANG,Unpaid family worker,25.9
1982,PERAK,Total,604
1982,PERAK,Employer,20.7
1982,PERAK,Employee,352
1982,PERAK,Own account worker,148.7
1982,PERAK,Unpaid family worker,82.6
1982,PERLIS,Total,55.7
1982,PERLIS,Employer,1
1982,PERLIS,Employee,27.3
1982,PERLIS,Own account worker,18.4
1982,PERLIS,Unpaid family worker,9
1982,SELANGOR,Total,676.9
1982,SELANGOR,Employer,23.5
1982,SELANGOR,Employee,542.2
1982,SELANGOR,Own account worker,75.4
1982,SELANGOR,Unpaid family worker,35.8
1982,TERENGGANU,Total,221.1
1982,TERENGGANU,Employer,4.5
1982,TERENGGANU,Employee,104
1982,TERENGGANU,Own account worker,85.1
1982,TERENGGANU,Unpaid family worker,27.6
1982,SABAH,Total,343.6
1982,SABAH,Employer,5.1
1982,SABAH,Employee,230
1982,SABAH,Own account worker,86.9
1982,SABAH,Unpaid family worker,21.5
1982,SARAWAK,Total,524.7
1982,SARAWAK,Employer,9.6
1982,SARAWAK,Employee,227.4
1982,SARAWAK,Own account worker,137.7
1982,SARAWAK,Unpaid family worker,150.1
1982,W.P.KUALA LUMPUR,Total,463.6
1982,W.P.KUALA LUMPUR,Employer,19.8
1982,W.P.KUALA LUMPUR,Employee,391.2
1982,W.P.KUALA LUMPUR,Own account worker,39.3
1982,W.P.KUALA LUMPUR,Unpaid family worker,13.3
